index,datetime,time span [s],time [m],prs input [kPa],prs feed_1 [kPa],prs feed_2 [kPa],prs permeate [kPa],prs retentate [kPa],TMP [kPa],temperature [°C],viscosity permeate [Pa s],tank liters [L],tank liters [%],flow feed [L/h],flow permeate [L/h],flow retentate [L/h],area tot [m^2],flux [L/m^2h],res tot [1/m],viscosity permeate at 20°C [Pa s],flux at 20° [L/m^2h],is_ON,vol feed [L],vol permeate [L],delta vol permeate [L],increased TMP,decreased TMP,starting,jumped temperature,changed TMP,TMP group,feed concentration [g/L],retentate concentration [g/L],permeate concentration [g/L],initial feed concentration [g/L],initial retentate concentration [g/L],initial permeate concentration [g/L]
0,2023-11-08 12:06:32,0.0,1.0,10.0,20.7972,17.4515,2.5318,6.1487,9.2683,9.71861,0.0013165458691745857,67.20681,44.80454,0.651,1.411,-0.76,0.99,1.4252525252525252,17781761036830.023,0.0010015953631898468,1.873421536892834,True,100.0,0.0,0.0,0,0,0,1,False,0.0,0.0,0.0,0.0,0.0,0.0,0.0
1,2023-11-08 12:07:32,60.0,2.0,10.0,281.3947,505.55190000000005,3.3456,251.6457,375.2532,11.36791,0.0012560495139131143,67.24464,44.82976,964.6270000000001,1.085,963.542,0.99,1.095959595959596,981353784912490.8,0.001001595112502061,1.374387215543278,True,99.97648333333333,0.02351666666666667,0.02351666666666667,1,0,1,0,True,1.0,,,,0.0,0.0,0.0
2,2023-11-08 12:08:32,60.0,3.0,10.0,21.249299999999998,18.9887,10.5794,5.6966,1.6728,11.20153,0.0012619418888657476,67.20681,44.80454,0.0,0.0,0.0,0.99,0.0,0.0,0.0010015928842964632,0.0,False,99.93488333333333,0.0416,0.018083333333333333,0,0,0,0,False,1.0,,,,0.0,0.0,0.0
3,2023-11-08 12:09:32,60.0,4.0,10.0,127.76689999999999,365.39709999999997,18.7174,97.2946,212.6284,11.85258,0.0012391064006426382,67.35813,44.90542,2349.392,0.868,2348.524,0.99,0.8767676767676768,704580535003655.8,0.0010015903778678814,1.0846833837122893,True,99.89328333333333,0.0416,0.0,1,0,1,0,True,2.0,,,,0.0,0.0,0.0
4,2023-11-08 12:10:32,60.0,5.0,10.0,236.2739,468.20750000000004,18.7174,204.80689999999998,317.78970000000004,12.09852,0.0012306548645733449,67.301385,44.86759,1772.135,342.99,1429.1450000000002,0.99,346.45454545454544,2683241618444.32,0.0010015903778678814,425.68896540799716,True,99.83721666666666,0.05606666666666667,0.014466666666666666,1,0,0,0,True,3.0,,,,0.0,0.0,0.0
5,2023-11-08 12:11:32,60.0,6.0,10.0,235.5505,473.5424,18.7174,206.2536,321.1806,12.25405,0.001225357921280816,67.35813,44.90542,1780.816,347.222,1433.594,0.99,350.7292929292929,2690399685534.9297,0.0010015903778678814,429.0865076309859,True,94.06465,5.772566666666666,5.7165,0,0,0,0,False,3.0,,,,0.0,0.0,0.0
6,2023-11-08 12:12:32,60.0,7.0,10.0,326.2442,563.784,19.7121,299.56960000000004,411.96469999999994,12.44936,0.0012187572042671293,67.54728,45.03152,1083.116,463.65000000000003,619.466,0.99,468.33333333333337,2598305661443.424,0.0010015900715309022,569.8784764569508,True,82.50505,11.5596,5.787033333333333,1,0,0,0,True,4.0,,,,0.0,0.0,0.0
7,2023-11-08 12:13:32,60.0,8.0,10.0,326.60589999999996,564.8691,19.9834,299.29830000000004,412.10040000000004,12.69893,0.0012104062634949793,67.39596,44.93064,1087.24,465.82,621.4190000000001,0.99,470.52525252525254,2604902292878.605,0.0010015899879796892,568.6226096747602,True,63.217949999999995,19.287100000000002,7.727500000000001,0,0,0,0,False,4.0,,,,0.0,0.0,0.0
8,2023-11-08 12:14:32,60.0,9.0,10.0,325.2496,560.3479,19.9834,299.84090000000003,410.11100000000005,12.88701,0.0012041736206328797,67.45272,44.96848,1087.4569999999999,468.207,619.249,0.99,472.93636363636364,2592460225539.9478,0.0010015899879796892,568.5934365994249,True,36.16718333333333,27.050766666666668,7.7636666666666665,0,0,0,0,False,4.0,,,,0.0,0.0,0.0
9,2023-11-08 12:15:32,60.0,10.0,10.0,326.0634,562.8797999999999,19.8929,298.12280000000004,410.6083,13.03892,0.001199177232693056,67.43379,44.95586,1084.635,466.797,617.839,0.99,471.51212121212126,2614291365456.5386,0.001001590015850582,564.5289906531328,True,1.3129666666666608,34.854216666666666,7.80345,0,0,0,0,False,4.0,,,,0.0,0.0,0.0
10,2023-11-08 12:16:32,60.0,11.0,10.0,327.4197,561.9755,19.8929,299.02700000000004,410.6083,13.13657,0.0011959830183969052,67.45272,44.96848,1087.24,468.207,619.032,0.99,472.93636363636364,2613379642093.412,0.001001590015850582,564.7259365012029,True,-41.321200000000005,42.634166666666665,7.77995,0,0,0,0,False,4.0,,,,0.0,0.0,0.0
11,2023-11-08 12:17:32,60.0,12.0,10.0,328.2335,567.5817000000001,19.7121,299.93129999999996,414.04439999999994,13.20529,0.0011937434425784478,67.585125,45.05675,1088.9759999999999,467.99,620.985,0.99,472.7171717171717,2641417424303.3345,0.0010015900715309022,563.4071662362652,True,-91.75881666666666,50.43761666666666,7.80345,0,0,0,0,False,4.0,,,,0.0,0.0,0.0
12,2023-11-08 12:18:32,60.0,13.0,10.0,329.8611,564.8691,19.9834,302.7344,413.8184,13.3572,0.0011888161403045348,67.54728,45.03152,1088.9759999999999,467.665,621.3109999999999,0.99,472.3888888888889,2652759822058.3066,0.0010015899879796892,560.692042004542,True,-149.99626666666666,58.237449999999995,7.799833333333334,0,0,0,0,False,4.0,,,,0.0,0.0,0.0
13,2023-11-08 12:19:32,60.0,14.0,10.0,325.06870000000004,559.9863,20.164199999999997,297.48990000000003,408.57390000000004,13.49465,0.0011843860253993978,67.56621,45.04414,1093.099,467.77299999999997,625.326,0.99,472.4979797979798,2628329989443.67,0.0010015899322995665,558.7316587910718,True,-216.0281333333333,66.03186666666666,7.794416666666667,0,0,0,0,False,4.0,,,,0.0,0.0,0.0
14,2023-11-08 12:20:32,60.0,15.0,10.0,326.0634,558.9916,20.3451,295.3197,406.8106,13.64294,0.0011796362406804488,67.585125,45.05675,1088.325,467.665,620.66,0.99,472.3888888888889,2628130830018.2993,0.0010015898765888666,556.362505305994,True,-289.8562166666666,73.82808333333332,7.796216666666666,0,0,0,0,False,4.0,,,,0.0,0.0,0.0
15,2023-11-08 12:21:32,60.0,16.0,10.0,326.6963,561.1618,19.9834,297.942,409.5685,13.79123,0.0011749173578441824,67.54728,45.03152,1090.929,467.99,622.938,0.99,472.7171717171717,2654729952032.7,0.0010015899879796892,554.5219272027875,True,-371.4787166666666,81.62249999999999,7.794416666666667,0,0,0,0,False,4.0,,,,0.0,0.0,0.0
16,2023-11-08 12:22:32,60.0,17.0,10.0,325.2496,561.7947,20.3451,297.7611,409.4328,13.93591,0.001170342102447756,67.64187,45.09458,1090.712,469.401,621.3109999999999,0.99,474.1424242424243,2656216605999.1724,0.0010015898765888666,554.0280054920464,True,-460.90104999999994,89.42233333333333,7.799833333333334,0,0,0,0,False,4.0,,,,0.0,0.0,0.0
17,2023-11-08 12:23:32,60.0,18.0,10.0,323.89320000000004,556.8214,19.8929,295.4102,406.22290000000004,14.0625,0.0011663628409772728,67.622955,45.08197,1094.184,469.94399999999996,624.24,0.99,474.69090909090903,2641327867378.949,0.001001590015850582,552.7829037344884,True,-558.1467333333333,97.24568333333333,7.8233500000000005,0,0,0,0,False,4.0,,,,0.0,0.0,0.0
18,2023-11-08 12:24:32,60.0,19.0,10.0,326.9676,562.4277000000001,20.164199999999997,298.0324,410.83439999999996,14.17101,0.0011629688051350818,67.585125,45.05675,1088.759,470.161,618.598,0.99,474.910101010101,2677872091799.5083,0.0010015899322995665,551.4288981022909,True,-663.2248166666666,105.07808333333332,7.832399999999999,0,0,0,0,False,4.0,,,,0.0,0.0,0.0
19,2023-11-08 12:25:32,60.0,20.0,10.0,327.9622,561.6138000000001,20.5259,299.02700000000004,409.79460000000006,14.2976,0.0011590292643985072,67.64187,45.09458,1095.92,470.052,625.8679999999999,0.99,474.8,2680795094431.097,0.001001589820909034,549.4335937209879,True,-776.1389166666665,112.91409999999999,7.836016666666667,0,0,0,0,False,4.0,,,,0.0,0.0,0.0
20,2023-11-08 12:26:32,60.0,21.0,10.0,325.34000000000003,558.5395,20.0738,296.6761,407.534,14.38802,0.00115622889524107,67.622955,45.08197,1094.835,469.94399999999996,624.891,0.99,474.69090909090903,2673077896771.869,0.0010015899601396113,547.9800789163829,True,-896.8872166666665,120.74829999999999,7.8342,0,0,0,0,False,4.0,,,,0.0,0.0,0.0
21,2023-11-08 12:27:32,60.0,22.0,10.0,325.6113,559.5341000000001,19.9834,295.5006,407.534,14.52185,0.0011521036792328605,67.622955,45.08197,1095.269,470.37800000000004,624.892,0.99,475.129292929293,2680173925657.554,0.0010015899879796892,546.529231586375,True,-1025.4679166666665,128.58069999999998,7.832399999999999,0,0,0,0,False,4.0,,,,0.0,0.0,0.0
22,2023-11-08 12:28:32,60.0,23.0,10.0,326.60589999999996,557.0927,19.9834,296.5856,406.85580000000004,14.64844,0.0011482233279732914,67.660785,45.10719,1094.184,469.94399999999996,624.24,0.99,474.69090909090903,2687235522313.037,0.0010015899879796892,544.1859263134762,True,-1161.8882499999997,136.4203333333333,7.839633333333334,0,0,0,0,False,4.0,,,,0.0,0.0,0.0
23,2023-11-08 12:29:32,60.0,24.0,10.0,323.5315,557.7257000000001,19.9834,294.5963,406.1777,14.74248,0.001145354320758927,67.6797,45.1198,1098.741,471.246,627.4960000000001,0.99,476.0060606060606,2682046085417.9736,0.0010015899879796892,544.3301198750031,True,-1306.140983333333,144.2527333333333,7.832399999999999,0,0,0,0,False,4.0,,,,0.0,0.0,0.0
24,2023-11-08 12:30:32,60.0,25.0,10.0,327.1484,559.5341000000001,20.3451,298.5749,408.7095,14.83652,0.0011424966266169127,67.6797,45.1198,1093.316,470.703,622.6129999999999,0.99,475.45757575757574,2708635307050.6064,0.0010015898765888666,542.3464125381354,True,-1458.2478166666663,152.1068333333333,7.8541,0,0,0,0,False,4.0,,,,0.0,0.0,0.0
25,2023-11-08 12:31:32,60.0,26.0,10.0,324.6166,556.8214,20.0738,297.309,406.9914,14.95587,0.001138886702191923,67.71753000000001,45.14502,1095.4859999999999,472.114,623.3720000000001,0.99,476.88282828282826,2697711644414.786,0.0010015899601396113,542.2533504222454,True,-1618.1996999999997,159.95188333333329,7.84505,0,0,0,0,False,4.0,,,,0.0,0.0,0.0
26,2023-11-08 12:32:32,60.0,27.0,10.0,323.7124,553.1141,20.3451,294.4155,403.32929999999993,15.09332,0.0011347516802746131,67.64187,45.09458,1093.099,474.392,618.707,0.99,479.1838383838384,2670295211082.41,0.0010015898765888666,542.8915352243523,True,-1786.0201499999996,167.82044999999994,7.868566666666666,0,0,0,0,False,4.0,,,,0.0,0.0,0.0
27,2023-11-08 12:33:32,60.0,28.0,10.0,322.5369,548.8643,20.164199999999997,291.6124,400.0741,15.23438,0.001130533363773496,67.6797,45.1198,1106.771,474.392,632.379,0.99,479.1838383838384,2658626884612.998,0.0010015899322995665,540.8733646415574,True,-1961.7471333333328,175.72698333333327,7.906533333333333,0,0,0,0,False,4.0,,,,0.0,0.0,0.0
28,2023-11-08 12:34:32,60.0,29.0,10.0,327.1484,562.6084999999999,19.9834,297.5803,410.11100000000005,15.37543,0.0011263405164175188,67.660785,45.10719,1100.4769999999999,474.392,626.085,0.99,479.1838383838384,2735470591528.873,0.0010015899879796892,538.8673793284026,True,-2145.3806499999996,183.6335166666666,7.906533333333333,0,0,0,0,False,4.0,,,,0.0,0.0,0.0
29,2023-11-08 12:35:32,60.0,30.0,10.0,329.409,559.5341000000001,20.4355,300.47380000000004,409.5685,15.52011,0.0011220653656281428,67.71753000000001,45.14502,1095.92,475.477,620.443,0.99,480.27979797979793,2736003015350.9717,0.0010015898487489084,538.0499091491015,True,-2336.9206999999997,191.54004999999992,7.906533333333333,0,0,0,0,False,4.0,,,,0.0,0.0,0.0
30,2023-11-08 12:36:31,60.0,31.0,10.0,324.79740000000004,556.8214,20.5259,297.48990000000003,406.6298,15.5816,0.0011202563524698188,67.73644499999999,45.15763,1090.712,477.648,613.0640000000001,0.99,482.4727272727273,2708391981522.7383,0.001001589820909034,539.6352142738076,True,-2536.3853666666664,199.4646666666666,7.924616666666666,0,0,0,0,False,4.0,,,,0.0,0.0,0.0
31,2023-11-08 12:37:31,60.0,32.0,10.0,325.2496,557.5449,20.5259,296.6761,406.58459999999997,15.70819,0.001116546961062808,67.73644499999999,45.15763,1095.4859999999999,477.21400000000006,618.2729999999999,0.99,482.0343434343435,2719558783094.167,0.001001589820909034,537.3596756415154,True,-2743.810833333333,207.4254666666666,7.960800000000001,0,0,0,0,False,4.0,,,,0.0,0.0,0.0
32,2023-11-08 12:38:31,60.0,33.0,10.0,322.4465,551.8482,20.3451,293.1496,402.15379999999993,15.8818,0.0011114919090320415,67.73644499999999,45.15763,1104.6009999999999,479.058,625.543,0.99,483.8969696969697,2691754634290.222,0.0010015898765888666,536.9938127320759,True,-2959.189866666666,215.37903333333327,7.953566666666668,0,0,0,0,False,4.0,,,,0.0,0.0,0.0
33,2023-11-08 12:39:31,60.0,34.0,10.0,324.6166,555.4651,20.4355,294.8676,404.7309,16.02286,0.001107411568847926,67.75536,45.17024,1102.431,479.058,623.3720000000001,0.99,483.8969696969697,2718985583617.05,0.0010015898487489084,535.0224975245512,True,-3182.5531999999994,223.36333333333326,7.9843,0,0,0,0,False,4.0,,,,0.0,0.0,0.0
34,2023-11-08 12:40:31,60.0,35.0,10.0,325.5208,558.3586,20.4355,298.5749,408.03130000000004,16.14222,0.0011039777621005516,67.73644499999999,45.15763,1104.6009999999999,478.841,625.7589999999999,0.99,483.6777777777778,2750929876323.729,0.0010015898487489084,533.121927459492,True,-3413.9008333333327,231.34763333333325,7.9843,0,0,0,0,False,4.0,,,,0.0,0.0,0.0
35,2023-11-08 12:41:31,60.0,36.0,10.0,323.26030000000003,553.6567,20.4355,294.1442,403.46500000000003,16.18562,0.0011027334560780718,67.774275,45.18285,1103.7330000000002,479.92600000000004,623.8059999999999,0.99,484.77373737373745,2717056892614.656,0.0010015898487489084,533.7276725575516,True,-3653.229149999999,239.32831666666658,7.980683333333333,0,0,0,0,False,4.0,,,,0.0,0.0,0.0
36,2023-11-08 12:42:31,60.0,37.0,10.0,324.79740000000004,554.0184,20.5259,295.4102,404.18839999999994,16.31944,0.0010989108830043743,67.774275,45.18285,1103.7330000000002,480.686,623.047,0.99,485.5414141414141,2727078207094.4707,0.001001589820909034,532.7198150487128,True,-3900.5562333333323,247.32708333333323,7.9987666666666675,0,0,0,0,False,4.0,,,,0.0,0.0,0.0
37,2023-11-08 12:43:31,60.0,38.0,10.0,325.2496,555.9172,20.3451,295.0485,405.13779999999997,16.50391,0.0010936764910597372,67.812105,45.20807,1104.167,480.252,623.915,0.99,485.1030303030303,2749048498780.369,0.0010015898765888666,529.7036166051851,True,-4155.894749999999,255.33851666666658,8.011433333333333,0,0,0,0,False,4.0,,,,0.0,0.0,0.0
38,2023-11-08 12:44:31,60.0,39.0,10.0,322.6273,550.8536,20.977999999999998,292.7879,400.84270000000004,16.54731,0.0010924505184895764,67.83102,45.22068,1106.337,483.18100000000004,623.155,0.99,488.0616161616162,2706450265160.3096,0.0010015896816794475,532.3369193825822,True,-4419.237466666666,263.3427166666666,8.0042,0,0,0,0,False,4.0,,,,0.0,0.0,0.0
39,2023-11-08 12:45:31,60.0,40.0,10.0,325.6113,557.9065,20.8876,298.4845,407.308,16.65582,0.0010893957423243087,67.849935,45.23329,1111.762,484.59200000000004,627.17,0.99,489.4868686868687,2749784893688.9604,0.001001589709519141,532.3985516256366,True,-4690.633199999998,271.3957333333333,8.053016666666668,0,0,0,0,False,4.0,,,,0.0,0.0,0.0
40,2023-11-08 12:46:31,60.0,41.0,10.0,324.8879,559.2628000000001,20.5259,297.1282,407.6696,16.80411,0.0010852433654402727,67.812105,45.20807,1108.5069999999998,484.59200000000004,623.915,0.99,489.4868686868687,2762756713392.8647,0.001001589820909034,530.3691846932256,True,-4970.105466666665,279.4722666666666,8.076533333333334,0,0,0,0,False,4.0,,,,0.0,0.0,0.0
41,2023-11-08 12:47:31,60.0,42.0,10.0,322.08480000000003,557.2736,20.8876,294.0538,404.77610000000004,16.91985,0.00108201982775952,67.75536,45.17024,1108.941,485.56899999999996,623.3720000000001,0.99,490.4737373737373,2745784097307.6035,0.001001589709519141,529.8599853711429,True,-5257.654266666665,287.5487999999999,8.076533333333334,0,0,0,0,False,4.0,,,,0.0,0.0,0.0
42,2023-11-08 12:48:31,60.0,43.0,10.0,323.98359999999997,552.7524,20.4355,293.6921,402.78679999999997,16.96687,0.0010807149156342555,67.774275,45.18285,1106.337,486.762,619.5749999999999,0.99,491.6787878787879,2728884236267.58,0.0010015898487489084,530.5211513727977,True,-5553.295883333331,295.6416166666666,8.092816666666666,0,0,0,0,False,4.0,,,,0.0,0.0,0.0
43,2023-11-08 12:49:31,60.0,44.0,10.0,322.5369,553.1141,20.7972,291.2507,401.38530000000003,17.16941,0.0010751218051393095,67.75536,45.17024,1108.5069999999998,487.956,620.5509999999999,0.99,492.88484848484853,2726847345428.1978,0.0010015897373588283,529.0701654214334,True,-5857.050199999998,303.7543166666666,8.1127,0,0,0,0,False,4.0,,,,0.0,0.0,0.0
44,2023-11-08 12:50:31,60.0,45.0,10.0,326.0634,553.8375,20.7972,295.4102,403.8267,17.28877,0.001071847579497212,67.83102,45.22068,1109.1580000000001,489.47499999999997,619.683,0.99,494.4191919191919,2743273945596.254,0.0010015897373588283,529.1008826757748,True,-6168.937116666664,311.88691666666665,8.1326,0,0,0,0,False,4.0,,,,0.0,0.0,0.0
45,2023-11-08 12:51:31,60.0,46.0,10.0,323.26030000000003,553.8375,20.4355,293.1496,403.1485,17.35388,0.0010700684286418275,67.83102,45.22068,1113.498,489.58299999999997,623.915,0.99,494.5282828282828,2742615105311.0225,0.0010015898487489084,528.3391232309338,True,-6488.981949999998,320.0448333333333,8.157916666666667,0,0,0,0,False,4.0,,,,0.0,0.0,0.0
46,2023-11-08 12:52:31,60.0,47.0,10.0,323.5315,553.0237,20.164199999999997,294.1442,403.4198,17.5094,0.0010658377327666805,67.849935,45.23329,1118.056,491.211,626.845,0.99,496.1727272727273,2746222559049.4746,0.0010015899322995665,528.0001302357869,True,-6817.186499999998,328.20455,8.159716666666666,0,0,0,0,False,4.0,,,,0.0,0.0,0.0
47,2023-11-08 12:53:31,60.0,48.0,10.0,323.98359999999997,556.731,20.3451,295.7718,405.9063,17.636,0.001062413443780001,67.83102,45.22068,1113.498,492.188,621.3109999999999,0.99,497.15959595959595,2766552453044.8994,0.0010015898765888666,527.3506160531209,True,-7153.577899999998,336.3914,8.18685,0,0,0,0,False,4.0,,,,0.0,0.0,0.0
48,2023-11-08 12:54:31,60.0,49.0,10.0,324.707,556.0981,20.5259,294.5059,404.324,17.71557,0.001060270255644403,67.849935,45.23329,1111.1109999999999,492.83900000000006,618.2729999999999,0.99,497.8171717171718,2757690802787.6587,0.001001589820909034,526.9829314376358,True,-7498.172433333331,344.5945333333333,8.203133333333334,0,0,0,0,False,4.0,,,,0.0,0.0,0.0
49,2023-11-08 12:55:31,60.0,50.0,10.0,322.5369,555.9172,20.7972,294.4155,404.3692,17.89641,0.0010554252654435346,67.86885000000001,45.2459,1113.498,491.319,622.1790000000001,0.99,496.2818181818182,2779231468738.7593,0.0010015897373588283,522.9570054007988,True,-7850.980949999998,352.8085166666666,8.213983333333335,0,0,0,0,False,4.0,,,,0.0,0.0,0.0
50,2023-11-08 12:56:31,60.0,51.0,10.0,325.6113,552.9333,20.616300000000003,295.9527,404.50480000000005,17.94343,0.0010541714633545427,67.849935,45.23329,1122.396,493.49,628.906,0.99,498.4747474747475,2771224836481.234,0.0010015897930692199,524.6437789471612,True,-8211.978116666665,360.9971666666666,8.18865,0,0,0,0,False,4.0,,,,0.0,0.0,0.0
51,2023-11-08 12:57:31,60.0,52.0,10.0,321.9039,553.4758,20.616300000000003,292.7879,402.5155,18.07726,0.001050615740568152,67.90668000000001,45.27112,1118.2730000000001,494.90000000000003,623.3720000000001,0.99,499.89898989898995,2759046036970.14,0.0010015897930692199,524.3681106938974,True,-8581.200116666665,369.2219999999999,8.224833333333333,0,0,0,0,False,4.0,,,,0.0,0.0,0.0
52,2023-11-08 12:58:31,60.0,53.0,10.0,323.5315,555.8268,21.0684,295.2293,404.4596,18.20023,0.0010473653769102764,67.812105,45.20807,1122.179,496.094,626.085,0.99,501.1050505050505,2774282329466.1323,0.0010015896538398015,524.0070902108284,True,-8958.670449999998,377.47033333333326,8.248333333333333,0,0,0,0,False,4.0,,,,0.0,0.0,0.0
53,2023-11-08 12:59:31,60.0,54.0,10.0,322.356,553.3854,21.249299999999998,294.3251,402.606,18.33767,0.0010437517894567488,67.849935,45.23329,1116.7530000000002,497.83,618.924,0.99,502.85858585858585,2761465621080.923,0.001001589598129836,524.0265571982823,True,-9344.409016666665,385.7385666666666,8.268233333333333,0,0,0,0,False,4.0,,,,0.0,0.0,0.0
54,2023-11-08 13:00:31,60.0,55.0,10.0,322.6273,545.8804,20.616300000000003,288.9902,396.81890000000004,18.43533,0.0010411965735389452,67.90668000000001,45.27112,1124.7830000000001,496.962,627.8209999999999,0.99,501.9818181818182,2733217118992.4478,0.0010015897930692199,521.8321439440205,True,-9738.444749999999,394.03573333333327,8.297166666666666,0,0,0,0,False,4.0,,,,0.0,0.0,0.0
55,2023-11-08 13:01:31,60.0,56.0,10.0,323.4411,549.3164,20.8876,292.3358,399.93850000000003,18.50767,0.0010393100515808111,67.86885000000001,45.2459,1124.7830000000001,500.21700000000004,624.5659999999999,0.99,505.269696969697,2741746728846.1055,0.001001589709519141,524.2983926740924,True,-10140.763183333333,402.31843333333325,8.2827,0,0,0,0,False,4.0,,,,0.0,0.0,0.0
56,2023-11-08 13:02:31,60.0,57.0,10.0,324.707,550.311,20.616300000000003,295.5006,402.28950000000003,18.67405,0.0010349922650825963,67.812105,45.20807,1125.651,500.21700000000004,625.4340000000001,0.99,505.269696969697,2769369094912.1846,0.0010015897930692199,522.1201651244489,True,-10551.418566666665,410.65538333333325,8.33695,0,0,0,0,False,4.0,,,,0.0,0.0,0.0
57,2023-11-08 13:03:31,60.0,58.0,10.0,321.9039,553.9278999999999,20.616300000000003,292.7879,402.74159999999995,18.75723,0.0010328444030028013,67.90668000000001,45.27112,1122.179,503.038,619.1410000000001,0.99,508.11919191919196,2762666698599.117,0.0010015897930692199,523.9750515266824,True,-10970.410899999999,418.99233333333325,8.33695,0,0,0,0,False,4.0,,,,0.0,0.0,0.0
58,2023-11-08 13:04:31,60.0,59.0,10.0,321.4518,550.7632,20.7972,289.804,399.4864,18.89829,0.001029218280093176,67.92559499999999,45.28373,1126.9530000000002,501.41100000000006,625.543,0.99,506.47575757575765,2758915161130.82,0.0010015897373588283,520.4467345038886,True,-11397.787199999999,427.3762999999999,8.383966666666668,0,0,0,0,False,4.0,,,,0.0,0.0,0.0
59,2023-11-08 13:05:31,60.0,60.0,10.0,321.1806,551.7578000000001,21.4301,291.8837,400.39059999999995,19.02488,0.0010259813890312736,67.849935,45.23329,1127.604,503.47200000000004,624.1320000000001,0.99,508.5575757575758,2762528471248.045,0.001001589542450814,520.9425476841556,True,-11833.520349999999,435.7331499999999,8.356850000000001,0,0,0,0,False,4.0,,,,0.0,0.0,0.0
60,2023-11-08 13:06:31,60.0,61.0,10.0,325.15909999999997,559.3533,20.977999999999998,295.6814,406.5393,19.0502,0.0010253361290276093,67.86885000000001,45.2459,1131.944,504.66599999999994,627.279,0.99,509.7636363636363,2800076670070.148,0.0010015896816794475,521.8494990400759,True,-12277.644699999999,444.12434999999994,8.391200000000001,0,0,0,0,False,4.0,,,,0.0,0.0,0.0
61,2023-11-08 13:07:31,60.0,62.0,10.0,321.271,545.8804,21.3397,289.6231,396.412,19.24913,0.0010202878691395428,67.90668000000001,45.27112,1126.302,504.66599999999994,621.636,0.99,509.7636363636363,2743833273438.4106,0.0010015895702903028,519.2802218972096,True,-12730.180149999998,452.5354499999999,8.4111,0,0,0,0,False,4.0,,,,0.0,0.0,0.0
62,2023-11-08 13:08:31,60.0,63.0,10.0,325.5208,551.3057,21.4301,293.4209,400.93319999999994,19.30338,0.001018918112437262,67.849935,45.23329,1132.812,505.64200000000005,627.17,0.99,510.749494949495,2773494396645.9536,0.001001589542450814,519.5860073067612,True,-13191.126699999999,460.9465499999999,8.4111,0,0,0,0,False,4.0,,,,0.0,0.0,0.0
63,2023-11-08 13:09:31,60.0,64.0,10.0,321.9944,546.4228999999999,20.7972,290.0752,397.45189999999997,19.45891,0.001015007812486786,67.92559499999999,45.28373,1129.991,506.83599999999996,623.155,0.99,511.9555555555555,2753502233126.069,0.0010015897373588283,518.814110361373,True,-13660.500616666666,469.37391666666656,8.427366666666668,0,0,0,0,False,4.0,,,,0.0,0.0,0.0
64,2023-11-08 13:10:31,60.0,65.0,10.0,319.4625,553.4758,20.977999999999998,290.3465,400.9331,19.56742,0.0010122937683428213,67.92559499999999,45.28373,1131.944,508.03,623.915,0.99,513.1616161616162,2778521010329.6475,0.0010015896816794475,518.6458244279198,True,-14138.3218,477.82118333333324,8.447266666666666,0,0,0,0,False,4.0,,,,0.0,0.0,0.0
65,2023-11-08 13:11:31,60.0,66.0,10.0,321.9944,550.944,21.3397,292.2454,400.25500000000005,19.69763,0.0010090523215217932,67.963425,45.30895,1137.804,510.2,627.604,0.99,515.3535353535353,2770896608037.638,0.0010015895702903028,519.1933868702577,True,-14624.61015,486.2883499999999,8.467166666666666,0,0,0,0,False,4.0,,,,0.0,0.0,0.0
66,2023-11-08 13:12:31,60.0,67.0,10.0,319.8242,544.7953,20.977999999999998,288.2668,395.553,19.86762,0.001004845955154781,67.94451,45.29634,1131.944,509.7660000000001,622.1790000000001,0.99,514.9151515151516,2752149512365.1636,0.0010015896816794475,516.5891948690276,True,-15119.401833333333,494.79168333333325,8.503333333333334,0,0,0,0,False,4.0,,,,0.0,0.0,0.0
67,2023-11-08 13:13:31,60.0,68.0,10.0,321.1806,552.0291,21.3397,290.889,400.1194,19.81337,0.0010061852085554428,67.94451,45.29634,1136.719,511.28499999999997,625.4340000000001,0.99,516.4494949494949,2771955946370.052,0.0010015895702903028,518.8191432878999,True,-15622.689616666667,503.28778333333327,8.496100000000002,0,0,0,0,False,4.0,,,,0.0,0.0,0.0
68,2023-11-08 13:14:31,60.0,69.0,10.0,321.7231,552.3004000000001,21.0684,291.4316,400.7975,20.06293,0.0010000476644539374,68.02017000000001,45.34678,1142.5780000000002,513.78,628.798,0.99,518.969696969697,2780128084634.2593,0.0010015896538398015,518.1707213001256,True,-16134.498816666666,511.8091999999999,8.521416666666665,0,0,0,0,False,4.0,,,,0.0,0.0,0.0
69,2023-11-08 13:15:31,60.0,70.0,10.0,323.3507,551.7578000000001,21.0684,293.1496,401.38530000000003,20.14974,0.0009979268066335576,67.94451,45.29634,1142.5780000000002,514.974,627.604,0.99,520.1757575757576,2783653448256.227,0.0010015896538398015,518.2734572543758,True,-16654.871016666668,520.3721999999999,8.562999999999999,0,0,0,0,False,4.0,,,,0.0,0.0,0.0
70,2023-11-08 13:16:31,60.0,71.0,10.0,318.82959999999997,546.4228999999999,20.8876,288.2668,396.4572,20.22569,0.0009960772614439066,67.92559499999999,45.28373,1140.625,514.648,625.977,0.99,519.8464646464647,2756326682631.6445,0.001001589709519141,516.9853862865108,True,-17183.826116666667,528.9550999999999,8.5829,0,0,0,0,False,4.0,,,,0.0,0.0,0.0
71,2023-11-08 13:17:31,60.0,72.0,10.0,320.0955,545.9708,20.977999999999998,289.8944,396.95459999999997,20.37399,0.0009924815903280223,67.92559499999999,45.28373,1147.135,516.0590000000001,631.076,0.99,521.2717171717172,2762210158734.0444,0.0010015896816794475,516.5314622492091,True,-17721.358683333332,537.5325666666665,8.577466666666668,0,0,0,0,False,4.0,,,,0.0,0.0,0.0
72,2023-11-08 13:18:31,60.0,73.0,10.0,35.9881,33.2755,26.8555,3.6169,-8.4093,20.44271,0.0009908208014378262,67.90668000000001,45.27112,0.0,0.0,0.0,0.99,0.0,0.0,0.001001587871720808,0.0,False,-18267.49223333333,546.1335499999999,8.600983333333335,0,0,0,0,False,4.0,,,,0.0,0.0,0.0
73,2023-11-08 13:19:31,60.0,74.0,10.0,332.9355,425.8897,20.5259,297.309,341.07349999999997,20.13889,0.000998191650899763,68.00127,45.33418,1081.814,442.274,639.54,0.99,446.74141414141417,2753469885381.927,0.001001589820909034,445.22572054734695,True,-18813.62578333333,546.1335499999999,0.0,1,0,1,0,True,5.0,,,,0.0,0.0,0.0
74,2023-11-08 13:20:31,60.0,75.0,10.0,321.271,540.5454,22.334300000000002,291.4316,393.6542,20.45718,0.0009904733411698783,67.94451,45.29634,1117.6219999999998,487.413,630.208,0.99,492.33636363636367,2906114260821.74,0.0010015892639964304,486.87227449362445,True,-19367.130566666663,553.5047833333332,7.3712333333333335,1,0,0,0,True,6.0,,,,0.0,0.0,0.0
75,2023-11-08 13:21:31,60.0,76.0,10.0,318.0158,538.5561,22.7865,287.54339999999996,390.26329999999996,20.69951,0.0009846615560271906,67.92559499999999,45.28373,1112.63,489.692,622.938,0.99,494.63838383838385,2884598787679.6406,0.0010015891247398935,486.278643278562,True,-19928.758899999997,561.6283333333332,8.12355,0,0,0,0,False,6.0,,,,0.0,0.0,0.0
76,2023-11-08 13:22:31,60.0,77.0,10.0,312.6808,541.4495999999999,22.8769,281.3947,388.5453,20.60909,0.0009868235763438478,68.00127,45.33418,1100.26,488.607,611.654,0.99,493.54242424242426,2871971685891.8467,0.0010015890969010321,486.2665754601824,True,-20498.548766666663,569.7898666666665,8.161533333333333,0,0,0,0,False,6.0,,,,0.0,0.0,0.0
77,2023-11-08 13:23:31,60.0,78.0,10.0,311.77660000000003,537.5615,20.8876,281.033,388.9522,20.89482,0.0009800179585412639,67.71753000000001,45.14502,1101.562,489.692,611.8710000000001,0.99,494.63838383838385,2888530013580.923,0.001001589709519141,483.98510341941477,True,-21076.48208333333,577.9333166666665,8.14345,0,0,0,0,False,6.0,,,,0.0,0.0,0.0
78,2023-11-08 13:24:31,60.0,79.0,10.0,308.1597,535.0296000000001,20.616300000000003,278.682,386.23949999999996,21.06843,0.0009759194515206246,67.94451,45.29634,1094.835,493.273,601.562,0.99,498.2555555555556,2859519503150.1006,0.0010015897930692199,485.4854670641364,True,-21662.57693333333,586.0948499999998,8.161533333333333,0,0,0,0,False,6.0,,,,0.0,0.0,0.0
79,2023-11-08 13:25:31,60.0,80.0,10.0,307.2555,532.5882,20.616300000000003,276.8735,384.1146,21.17694,0.0009733717602801818,68.02017000000001,45.34678,1110.46,498.15500000000003,612.305,0.99,503.1868686868687,2823288598045.1455,0.0010015897930692199,489.01046267926654,True,-22256.892999999996,594.3160666666665,8.221216666666667,0,0,0,0,False,6.0,,,,0.0,0.0,0.0
80,2023-11-08 13:26:31,60.0,81.0,10.0,296.6761,527.7053999999999,20.3451,266.7462,376.5643,21.36502,0.000968981243204672,67.94451,45.29634,1211.155,486.654,724.501,0.99,491.56969696969696,2846041130603.507,0.0010015898765888666,475.5657252783534,True,-22859.511649999997,602.6186499999999,8.302583333333335,0,0,0,0,False,6.0,,,,0.0,0.0,0.0
81,2023-11-08 13:27:31,60.0,82.0,10.0,299.93129999999996,529.0617,20.616300000000003,268.1026,377.96590000000003,21.43374,0.0009673849148202532,67.963425,45.30895,1229.384,491.319,738.0640000000001,0.99,496.2818181818182,2834180104037.3496,0.0010015897930692199,479.3335033272241,True,-23470.241199999997,610.7295499999999,8.110899999999999,0,0,0,0,False,6.0,,,,0.0,0.0,0.0
82,2023-11-08 13:28:31,60.0,83.0,10.0,304.362,526.2587,20.5259,271.90029999999996,378.5536,21.57841,0.0009640383000293818,67.94451,45.29634,1232.205,497.613,734.592,0.99,502.6393939393939,2812412827656.4883,0.001001589820909034,483.7944802807065,True,-24089.159399999997,618.9182,8.18865,0,0,0,0,False,6.0,,,,0.0,0.0,0.0
83,2023-11-08 13:29:31,60.0,84.0,10.0,303.4578,534.9392,20.616300000000003,273.5279,383.61719999999997,21.72309,0.0009607100351766131,67.963425,45.30895,1238.498,501.085,737.413,0.99,506.1464646464646,2840089570379.677,0.0010015897930692199,485.4881621396654,True,-24716.371149999995,627.2117499999999,8.29355,0,0,0,0,False,6.0,,,,0.0,0.0,0.0
84,2023-11-08 13:30:31,60.0,85.0,10.0,305.8087,534.4871,20.7972,275.60760000000005,384.2502,21.81713,0.0009585566013299867,67.94451,45.29634,1231.12,502.062,729.058,0.99,507.1333333333333,2845618550755.584,0.0010015897373588283,485.34443424213316,True,-25351.934316666662,635.5631666666666,8.351416666666667,0,0,0,0,False,6.0,,,,0.0,0.0,0.0
85,2023-11-08 13:31:31,60.0,86.0,10.0,305.1758,531.9553,20.7972,274.70340000000004,382.5322,21.85691,0.0009576480337457436,68.00127,45.33418,1251.519,504.557,746.962,0.99,509.65353535353535,2821561601893.4897,0.0010015897373588283,487.29403648834017,True,-25995.865183333328,643.9308666666666,8.367700000000001,0,0,0,0,False,6.0,,,,0.0,0.0,0.0
86,2023-11-08 13:32:31,60.0,87.0,10.0,267.2888,495.9671,19.7121,237.811,347.17699999999996,21.87138,0.000957318144013246,67.963425,45.30895,1535.373,456.923,1078.451,0.99,461.5383838383838,2828715900585.289,0.0010015900715309022,441.1376286225523,True,-26648.205333333328,652.3401499999999,8.409283333333333,0,1,0,0,True,7.0,,,,0.0,0.0,0.0
87,2023-11-08 13:33:31,60.0,88.0,10.0,268.6451,495.7863,20.977999999999998,237.99190000000002,345.91110000000003,21.97627,0.0009549301482932814,67.963425,45.30895,1529.08,459.201,1069.8790000000001,0.99,463.839393939394,2811433166119.2607,0.0010015896816794475,442.23121437923277,True,-27308.16086666666,659.9555333333332,7.615383333333333,0,0,0,0,False,7.0,,,,0.0,0.0,0.0
88,2023-11-08 13:34:31,60.0,89.0,10.0,269.5493,496.0576,21.520500000000002,237.811,345.4138,22.11733,0.0009517340687477278,68.22825,45.4855,1534.505,460.28599999999994,1074.219,0.99,464.9353535353535,2810179093201.349,0.0010015895146113663,441.79257996381955,True,-27975.769749999996,667.6088833333332,7.6533500000000005,0,0,0,0,False,7.0,,,,0.0,0.0,0.0
89,2023-11-08 13:35:31,60.0,90.0,10.0,271.4482,501.0308,21.249299999999998,241.9705,350.2514,22.24754,0.0009487992809599506,67.92559499999999,45.28373,1534.939,463.325,1071.615,0.99,468.0050505050505,2839602134461.7285,0.001001589598129836,443.3381259489239,True,-28651.050066666663,675.2803166666665,7.671433333333332,0,0,0,0,False,7.0,,,,0.0,0.0,0.0
90,2023-11-08 13:36:31,60.0,91.0,10.0,267.1983,494.43,21.3397,237.6302,344.6904,22.37775,0.0009458789762025624,67.963425,45.30895,1535.373,463.433,1071.9399999999998,0.99,468.1141414141414,2802491829277.5596,0.0010015895702903028,442.0766129767241,True,-29334.052466666664,683.0023999999999,7.722083333333333,0,0,0,0,False,7.0,,,,0.0,0.0,0.0
91,2023-11-08 13:37:31,60.0,92.0,10.0,273.2567,499.3128,21.4301,241.2471,348.84979999999996,22.52242,0.0009426513315415045,67.963425,45.30895,1548.8280000000002,466.146,1082.682,0.99,470.8545454545455,2829457183999.2075,0.001001589542450814,443.1472628488369,True,-30024.778749999998,690.7262833333332,7.723883333333333,0,0,0,0,False,7.0,,,,0.0,0.0,0.0
92,2023-11-08 13:38:31,60.0,93.0,10.0,271.8099,502.29670000000004,21.249299999999998,242.51299999999998,351.5173,22.62731,0.0009403223379218584,67.92559499999999,45.28373,1545.1390000000001,466.146,1078.9930000000002,0.99,470.8545454545455,2858154387095.134,0.001001589598129836,442.0523613959875,True,-30723.274133333332,698.4953833333332,7.7691,0,0,0,0,False,7.0,,,,0.0,0.0,0.0
93,2023-11-08 13:39:31,60.0,94.0,10.0,269.7302,499.3128,21.0684,239.4387,348.3073,22.70327,0.0009386415077544487,68.00127,45.33418,1544.488,469.293,1075.195,0.99,474.03333333333336,2818100263182.2183,0.0010015896538398015,444.24117303934725,True,-31429.538616666665,706.2644833333331,7.7691,0,0,0,0,False,7.0,,,,0.0,0.0,0.0
94,2023-11-08 13:40:31,60.0,95.0,10.0,268.6451,497.4139,20.977999999999998,238.5344,346.99620000000004,22.81539,0.0009361693364097816,67.94451,45.29634,1551.6490000000001,470.052,1081.597,0.99,474.8,2810360917543.3325,0.0010015896816794475,443.78771971976204,True,-32143.624649999998,714.0860333333331,7.82155,0,0,0,0,False,7.0,,,,0.0,0.0,0.0
95,2023-11-08 13:41:31,60.0,96.0,10.0,270.544,496.60010000000005,20.977999999999998,240.25240000000002,347.4483,22.92028,0.0009338660569374074,68.00127,45.33418,1544.705,471.68,1073.0249999999999,0.99,476.44444444444446,2811226474831.5156,0.0010015896816794475,444.2291118025572,True,-32865.54488333333,721.9202333333332,7.8342,0,0,0,0,False,7.0,,,,0.0,0.0,0.0
96,2023-11-08 13:42:31,60.0,97.0,10.0,272.3524,499.7649,20.977999999999998,241.88010000000003,349.8445,23.02156,0.0009316507099343974,67.963425,45.30895,1550.13,472.656,1077.474,0.99,477.43030303030304,2831486214023.4487,0.0010015896816794475,444.09231534468944,True,-33595.32644999999,729.7815666666664,7.8613333333333335,0,0,0,0,False,7.0,,,,0.0,0.0,0.0
97,2023-11-08 13:43:31,60.0,98.0,10.0,270.99609999999996,492.8024,20.8876,238.98649999999998,345.00690000000003,23.13006,0.0009292868431467604,68.05801500000001,45.37201,1552.7340000000002,472.873,1079.8609999999999,0.99,477.64949494949497,2798151149326.7466,0.001001589709519141,443.1688815027487,True,-34332.98561666666,737.6591666666665,7.8776,0,0,0,0,False,7.0,,,,0.0,0.0,0.0
98,2023-11-08 13:44:31,60.0,99.0,10.0,271.3578,497.77560000000005,21.0684,241.6992,348.669,23.26027,0.0009264626757100573,68.00127,45.33418,1550.781,473.19899999999996,1077.582,0.99,477.97878787878784,2834518433990.1543,0.0010015896538398015,442.12667837886806,True,-35078.52599999999,745.5403833333331,7.881216666666666,0,0,0,0,False,7.0,,,,0.0,0.0,0.0
99,2023-11-08 13:45:31,60.0,100.0,10.0,271.53860000000003,498.22769999999997,21.0684,241.2471,348.669,23.34708,0.0009245875314815829,68.02017000000001,45.34678,1548.8280000000002,474.935,1073.893,0.99,479.7323232323232,2829885235391.5874,0.0010015896538398015,442.85054543928277,True,-35831.953033333324,753.4270333333332,7.8866499999999995,0,0,0,0,False,7.0,,,,0.0,0.0,0.0
100,2023-11-08 13:46:31,60.0,101.0,10.0,269.4589,493.52570000000003,20.5259,238.2632,345.36859999999996,23.46282,0.000922097089137344,68.02017000000001,45.34678,1555.99,474.71799999999996,1081.272,0.99,479.5131313131313,2811953891572.4214,0.001001589820909034,441.4558268829778,True,-36593.29564999999,761.3426166666665,7.915583333333333,0,0,0,0,False,7.0,,,,0.0,0.0,0.0
101,2023-11-08 13:47:31,60.0,102.0,10.0,270.0014,498.22769999999997,20.5259,239.70989999999998,348.4429,23.57133,0.0009197719368582027,68.00127,45.33418,1559.245,476.345,1082.8990000000001,0.99,481.1565656565657,2834441834751.976,0.001001589820909034,441.8518410304151,True,-37362.55023333333,769.2545833333331,7.911966666666666,0,0,0,0,False,7.0,,,,0.0,0.0,0.0
102,2023-11-08 13:48:31,60.0,103.0,10.0,269.5493,495.6055,20.7972,239.16740000000001,346.5893,23.66536,0.0009177646528301111,68.00127,45.33418,1548.8280000000002,476.128,1072.7,0.99,480.9373737373737,2826817668426.7427,0.0010015897373588283,440.6867456579932,True,-38139.743899999994,777.1936666666664,7.9390833333333335,0,0,0,0,False,7.0,,,,0.0,0.0,0.0
103,2023-11-08 13:49:31,60.0,104.0,10.0,274.16089999999997,497.9565,20.5259,242.1513,349.528,23.78472,0.0009152269129017729,68.039085,45.35939,1552.3,478.516,1073.785,0.99,483.34949494949495,2844424568736.6577,0.001001589820909034,441.6722862795892,True,-38924.87303333333,785.1291333333331,7.935466666666667,0,0,0,0,False,7.0,,,,0.0,0.0,0.0
104,2023-11-08 13:50:31,60.0,105.0,10.0,267.6505,496.14799999999997,20.3451,237.5398,346.4988,23.89684,0.0009128533856047166,68.039085,45.35939,1548.6109999999999,479.601,1069.01,0.99,484.44545454545454,2820709230220.297,0.0010015898765888666,441.52570194572763,True,-39717.977433333326,793.1043999999998,7.975266666666667,0,0,0,0,False,7.0,,,,0.0,0.0,0.0
105,2023-11-08 13:51:31,60.0,106.0,10.0,266.0228,497.32349999999997,20.977999999999998,237.6302,346.4988,24.00535,0.0009105655855296824,68.11476,45.40984,1561.6319999999998,480.469,1081.163,0.99,485.3222222222222,2822687667951.576,0.0010015896816794475,441.21631994785,True,-40519.07518333333,801.0977499999998,7.99335,0,0,0,0,False,7.0,,,,0.0,0.0,0.0
106,2023-11-08 13:52:31,60.0,107.0,10.0,271.26739999999995,497.866,20.5259,239.34820000000002,348.08119999999997,24.09578,0.0009086662033517337,68.039085,45.35939,1553.1680000000001,482.856,1070.312,0.99,487.73333333333335,2827458603479.1255,0.001001589820909034,442.4833270029174,True,-41328.18074999999,809.1055666666665,8.007816666666667,0,0,0,0,False,7.0,,,,0.0,0.0,0.0
107,2023-11-08 13:53:31,60.0,108.0,10.0,270.0919,491.0843,21.3397,238.98649999999998,343.6957,24.18981,0.0009066977664989,68.05801500000001,45.37201,1559.896,483.94100000000003,1075.955,0.99,488.829292929293,2791623403526.402,0.0010015895702903028,442.51701619632735,True,-42145.333916666656,817.1531666666665,8.0476,0,0,0,0,False,7.0,,,,0.0,0.0,0.0
108,2023-11-08 13:54:31,60.0,109.0,10.0,267.2888,497.32349999999997,21.0684,237.3589,346.27279999999996,24.29109,0.000904585430175992,68.09582999999999,45.39722,1557.292,483.18100000000004,1074.11,0.99,488.0616161616162,2823557506729.461,0.0010015896538398015,440.79271916936136,True,-42970.55276666665,825.2188499999999,8.065683333333334,0,0,0,0,False,7.0,,,,0.0,0.0,0.0
109,2023-11-08 13:55:31,60.0,110.0,10.0,268.3738,497.50430000000006,21.7918,237.5398,345.4138,24.33087,0.000903757801693726,68.11476,45.40984,1562.066,485.026,1077.04,0.99,489.9252525252525,2808408642184.2114,0.0010015894310624386,442.0711276343964,True,-43803.82463333332,833.2718666666665,8.053016666666668,0,0,0,0,False,7.0,,,,0.0,0.0,0.0
110,2023-11-08 13:56:31,60.0,111.0,10.0,268.3738,496.14799999999997,21.7014,237.811,345.2781,24.45023,0.0009012821783431257,68.133675,45.42245,1558.377,485.243,1073.134,0.99,490.14444444444445,2813757501882.916,0.0010015894589017723,441.05740996520825,True,-44645.180266666655,841.3556333333331,8.083766666666667,0,0,0,0,False,7.0,,,,0.0,0.0,0.0
111,2023-11-08 13:57:31,60.0,112.0,10.0,269.911,497.866,21.7014,239.80030000000002,347.1318,24.59491,0.0008982960210493463,68.09582999999999,45.39722,1564.2359999999999,485.56899999999996,1078.668,0.99,490.4737373737373,2836362058024.5054,0.0010015894589017723,439.8914173828579,True,-45494.62328333332,849.4430166666665,8.087383333333333,0,0,0,0,False,7.0,,,,0.0,0.0,0.0
112,2023-11-08 13:58:31,60.0,113.0,10.0,269.4589,496.5097,21.520500000000002,238.8057,346.1372,24.73235,0.0008954740820594672,68.133675,45.42245,1570.312,487.305,1083.008,0.99,492.22727272727275,2827040847777.147,0.0010015895146113663,440.07725598157685,True,-46352.159116666655,857.5358333333331,8.092816666666666,0,0,0,0,False,7.0,,,,0.0,0.0,0.0
113,2023-11-08 13:59:31,60.0,114.0,10.0,267.7409,496.60010000000005,21.7918,238.0823,345.5494,24.87341,0.0008925925979381045,68.11476,45.40984,1566.406,488.39,1078.017,0.99,493.32323232323233,2825060771195.5405,0.0010015894310624386,439.63789144173455,True,-47217.81669999999,865.6575833333332,8.12175,0,0,0,0,False,7.0,,,,0.0,0.0,0.0
114,2023-11-08 14:00:31,60.0,115.0,10.0,269.6398,498.9511,20.977999999999998,238.98649999999998,347.9908,24.97468,0.0008905332774121385,68.09582999999999,45.39722,1569.444,489.692,1079.753,0.99,494.63838383838385,2844017706408.519,0.0010015896816794475,439.79281051980325,True,-48091.61411666666,873.7974166666664,8.139833333333334,0,0,0,0,False,7.0,,,,0.0,0.0,0.0
115,2023-11-08 14:01:31,60.0,116.0,10.0,268.3738,498.3181,21.7918,238.98649999999998,346.8605,25.03255,0.0008893597558392324,68.133675,45.42245,1571.615,490.668,1080.946,0.99,495.6242424242424,2832874481529.0605,0.0010015894310624386,440.08876447793733,True,-48973.57306666666,881.9589499999997,8.161533333333333,0,0,0,0,False,7.0,,,,0.0,0.0,0.0
116,2023-11-08 14:02:31,60.0,117.0,10.0,273.1662,501.0308,21.7918,242.06089999999998,349.75399999999996,25.08681,0.0008882618120412311,68.11476,45.40984,1567.2740000000001,490.668,1076.606,0.99,495.6242424242424,2860037045974.998,0.0010015894310624386,439.5454604591124,True,-49863.709816666655,890.1367499999998,8.1778,0,0,0,0,False,7.0,,,,0.0,0.0,0.0
117,2023-11-08 14:03:31,60.0,118.0,10.0,268.3738,492.8024,21.882199999999997,237.6302,343.3341,25.2351,0.0008852723061068647,68.15259,45.43506,1568.3590000000002,492.622,1075.738,0.99,497.5979797979798,2805846792666.565,0.0010015894032231487,439.81067458611227,True,-50762.02436666666,898.3145499999998,8.1778,0,0,0,0,False,7.0,,,,0.0,0.0,0.0
118,2023-11-08 14:04:31,60.0,119.0,10.0,271.0865,497.866,21.520500000000002,238.8057,346.8153,25.37254,0.0008825160676513392,68.133675,45.42245,1575.087,492.947,1082.14,0.99,497.92626262626266,2841273852910.129,0.0010015895146113663,438.7305586398464,True,-51668.54928333333,906.5249166666665,8.210366666666667,0,0,0,0,False,7.0,,,,0.0,0.0,0.0
119,2023-11-08 14:05:31,60.0,120.0,10.0,268.6451,492.16939999999994,21.7918,238.3536,343.4697,25.48828,0.0008802056576606938,68.15259,45.43506,1569.01,493.273,1075.738,0.99,498.2555555555556,2819386565679.9062,0.0010015894310624386,437.8713925681711,True,-52583.28998333333,914.7406999999998,8.215783333333333,0,0,0,0,False,7.0,,,,0.0,0.0,0.0
120,2023-11-08 14:06:31,60.0,121.0,10.0,268.7355,489.81839999999994,22.1535,237.99190000000002,341.7517,25.51722,0.0008796294446548539,68.209335,45.47289,1568.576,494.03200000000004,1074.5439999999999,0.99,499.02222222222224,2802809236573.709,0.0010015893196747311,438.258107970157,True,-53506.251899999996,922.9619166666665,8.221216666666667,0,0,0,0,False,7.0,,,,0.0,0.0,0.0
121,2023-11-08 14:07:31,60.0,122.0,10.0,267.1983,490.36099999999993,21.882199999999997,236.99720000000002,341.7969,25.61487,0.0008776898469176586,68.19041999999999,45.46028,1569.2269999999999,494.03200000000004,1075.195,0.99,499.02222222222224,2809374653886.295,0.0010015894032231487,437.2917049853721,True,-54437.44768333333,931.1957833333332,8.233866666666668,0,0,0,0,False,7.0,,,,0.0,0.0,0.0
122,2023-11-08 14:08:31,60.0,123.0,10.0,267.6505,490.5418,21.520500000000002,236.726,342.11330000000004,25.81018,0.0008738310828421691,68.15259,45.43506,1571.8319999999999,494.575,1077.2569999999998,0.99,499.57070707070704,2821291789676.244,0.0010015895146113663,435.84762574637085,True,-55376.87733333333,939.4296499999999,8.233866666666668,0,0,0,0,False,7.0,,,,0.0,0.0,0.0
123,2023-11-08 14:09:31,60.0,124.0,10.0,268.826,497.866,21.3397,238.8057,346.99620000000004,25.88252,0.0008724088040836153,68.19041999999999,45.46028,1571.3980000000001,496.636,1074.761,0.99,501.65252525252527,2854329966994.242,0.0010015895702903028,436.95151447536836,True,-56324.5499,947.6725666666666,8.242916666666666,0,0,0,0,False,7.0,,,,0.0,0.0,0.0
124,2023-11-08 14:10:31,60.0,125.0,10.0,266.8367,497.4139,21.7918,239.16740000000001,346.4988,25.93678,0.0008713443810116471,68.15259,45.43506,1570.7469999999998,499.457,1071.289,0.99,504.5020202020202,2837602062232.2646,0.0010015894310624386,438.8974033459531,True,-57280.49973333333,955.9498333333333,8.277266666666668,0,0,0,0,False,7.0,,,,0.0,0.0,0.0
125,2023-11-08 14:11:31,60.0,126.0,10.0,215.74800000000002,442.1658,20.8876,185.366,292.8783,25.98741,0.0008703532080414228,68.11476,45.40984,1950.304,419.162,1531.142,0.99,423.3959595959596,2861194964729.308,0.001001589709519141,367.9191471356443,True,-58244.77385,964.2741166666667,8.324283333333334,0,1,0,0,True,8.0,,,,0.0,0.0,0.0
126,2023-11-08 14:12:31,60.0,127.0,10.0,215.92880000000002,441.8945,20.616300000000003,184.281,292.47139999999996,26.12486,0.0008676712906554148,68.22825,45.4855,1957.682,420.464,1537.218,0.99,424.7111111111111,2857176398165.41,0.0010015897930692199,367.92471377352115,True,-59216.034,971.2601500000001,6.986033333333333,0,0,0,0,False,8.0,,,,0.0,0.0,0.0
127,2023-11-08 14:13:31,60.0,128.0,10.0,211.76940000000002,442.70829999999995,21.4301,182.38209999999998,291.1151,26.11762,0.0008678121368868696,68.22825,45.4855,1948.785,420.03000000000003,1528.754,0.99,424.2727272727273,2846403062445.9697,0.001001589542450814,367.60469880349865,True,-60194.30188333333,978.2678833333334,7.007733333333333,0,0,0,0,False,8.0,,,,0.0,0.0,0.0
128,2023-11-08 14:14:31,60.0,129.0,10.0,213.84910000000002,440.9903,21.249299999999998,182.6534,290.5726,26.32017,0.0008638831919531252,68.133675,45.42245,1956.814,421.332,1535.482,0.99,425.58787878787876,2845200560735.355,0.001001589598129836,367.0747139050988,True,-61179.57026666667,985.2683833333334,7.000500000000001,0,0,0,0,False,8.0,,,,0.0,0.0,0.0
129,2023-11-08 14:15:31,60.0,130.0,10.0,214.75330000000002,437.1925,21.4301,183.28629999999998,289.6683,26.38527,0.0008626264929493881,68.15259,45.43506,1949.436,421.007,1528.429,0.99,425.25959595959597,2842670725471.8037,0.001001589542450814,366.25801119894857,True,-62171.860850000005,992.2905833333334,7.0222,0,0,0,0,False,8.0,,,,0.0,0.0,0.0
130,2023-11-08 14:16:31,60.0,131.0,10.0,214.48200000000003,439.63390000000004,21.0684,182.9246,290.2108,26.46123,0.0008611639374242037,68.247165,45.49811,1957.465,422.30899999999997,1535.156,0.99,426.5747474747474,2844036030092.0386,0.0010015896538398015,366.76775537044887,True,-63171.16821666667,999.3073666666668,7.016783333333334,0,0,0,0,False,8.0,,,,0.0,0.0,0.0
131,2023-11-08 14:17:31,60.0,132.0,10.0,212.0406,440.0861,21.3397,181.1162,289.2614,26.64207,0.0008576979516467058,68.247165,45.49811,1954.8609999999999,423.937,1530.9250000000002,0.99,428.2191919191919,2835257344330.122,0.0010015895702903028,366.69982861187793,True,-64177.51406666667,1006.3458500000002,7.038483333333333,0,0,0,0,False,8.0,,,,0.0,0.0,0.0
132,2023-11-08 14:18:31,60.0,133.0,10.0,214.39159999999998,438.1872,21.7014,182.83419999999998,288.8093,26.64207,0.0008576979170468348,68.22825,45.4855,1954.644,423.50300000000004,1531.142,0.99,427.78080808080813,2833727095217.5493,0.0010015894589017723,366.32445038491977,True,-65190.925533333335,1013.4114666666668,7.065616666666667,0,0,0,0,False,8.0,,,,0.0,0.0,0.0
133,2023-11-08 14:19:31,60.0,134.0,10.0,213.84910000000002,442.70829999999995,21.4301,182.9246,291.3864,26.82653,0.0008541857578053839,68.19041999999999,45.46028,1958.116,425.998,1532.1180000000002,0.99,430.3010101010101,2853954777052.6177,0.001001589542450814,366.97367416413834,True,-66211.39538333334,1020.4698500000002,7.058383333333334,0,0,0,0,False,8.0,,,,0.0,0.0,0.0
134,2023-11-08 14:20:31,60.0,135.0,10.0,213.57780000000002,442.70829999999995,21.4301,183.3767,291.6124,26.91334,0.0008525408958124504,68.247165,45.49811,1957.031,426.107,1530.924,0.99,430.41111111111115,2860946870820.8496,0.001001589542450814,366.3607283043479,True,-67238.9652,1027.5698166666668,7.099966666666666,0,0,0,0,False,8.0,,,,0.0,0.0,0.0
135,2023-11-08 14:21:31,60.0,136.0,10.0,212.1311,437.82550000000003,21.4301,181.38739999999999,288.1764,26.99291,0.0008510377056944738,68.22825,45.4855,1959.635,427.08299999999997,1532.552,0.99,431.3969696969697,2825758353777.022,0.001001589542450814,366.5524366759118,True,-68273.63680000001,1034.6716000000001,7.101783333333334,0,0,0,0,False,8.0,,,,0.0,0.0,0.0
136,2023-11-08 14:22:31,60.0,137.0,10.0,213.39700000000002,436.92130000000003,21.882199999999997,181.38739999999999,287.27209999999997,27.13759,0.00084831540433709,68.284995,45.52333,1953.776,427.84299999999996,1525.933,0.99,432.1646464646464,2820910844364.52,0.0010015894032231487,366.0301572940793,True,-69315.42645000001,1041.7896500000002,7.118049999999999,0,0,0,0,False,8.0,,,,0.0,0.0,0.0
137,2023-11-08 14:23:31,60.0,138.0,10.0,215.83839999999998,437.91589999999997,21.7014,183.3767,288.945,27.18461,0.0008474337306398608,68.22825,45.4855,1953.776,428.819,1524.9569999999999,0.99,433.15050505050505,2833825558969.2603,0.0010015894589017723,366.48383742573736,True,-70364.34681666669,1048.9203666666667,7.130716666666666,0,0,0,0,False,8.0,,,,0.0,0.0,0.0
138,2023-11-08 14:24:31,60.0,139.0,10.0,210.2322,437.283,21.7014,181.1162,287.4982,27.32928,0.0008447302362787089,68.22825,45.4855,1956.597,428.06,1528.537,0.99,432.3838383838384,2833675652010.813,0.0010015894589017723,364.66807703983176,True,-71420.41416666668,1056.06735,7.146983333333334,0,0,0,0,False,8.0,,,,0.0,0.0,0.0
139,2023-11-08 14:25:31,60.0,140.0,10.0,212.67360000000002,440.3574,21.3397,182.0204,289.8492,27.38715,0.0008436527289324667,68.30391,45.53594,1965.712,428.819,1536.8919999999998,0.99,433.15050505050505,2855433603007.771,0.0010015895702903028,364.84865304499743,True,-72483.61585000002,1063.2016833333334,7.134333333333333,0,0,0,0,False,8.0,,,,0.0,0.0,0.0
140,2023-11-08 14:26:31,60.0,141.0,10.0,211.4077,439.27230000000003,21.7918,181.1162,288.4024,27.51374,0.0008413033250045264,68.30391,45.53594,1965.495,430.773,1534.505,0.99,435.1242424242424,2836191070812.6953,0.0010015894310624386,365.49054990853836,True,-73553.96451666669,1070.3486666666668,7.146983333333334,0,0,0,0,False,8.0,,,,0.0,0.0,0.0
141,2023-11-08 14:27:31,60.0,142.0,10.0,213.84910000000002,439.5435,21.882199999999997,181.8395,288.8093,27.64034,0.0008389643185806115,68.284995,45.52333,1957.8990000000001,430.33900000000006,1527.561,0.99,434.6858585858586,2850983293600.6113,0.0010015894032231487,364.107211968838,True,-74631.49273333336,1077.5282166666668,7.179550000000001,0,0,0,0,False,8.0,,,,0.0,0.0,0.0
142,2023-11-08 14:28:31,60.0,143.0,10.0,213.48739999999998,441.80409999999995,21.520500000000002,182.4725,290.6178,27.70906,0.0008376991033779056,68.32282500000001,45.54855,1958.55,432.726,1525.825,0.99,437.0969696969697,2857319896529.535,0.0010015895146113663,365.57465335130405,True,-75716.1932666667,1084.7005333333334,7.172316666666668,0,0,0,0,False,8.0,,,,0.0,0.0,0.0
143,2023-11-08 14:29:31,60.0,144.0,10.0,212.5832,439.99569999999994,21.7918,182.6534,289.5327,27.86097,0.0008349131053464096,68.284995,45.52333,1956.597,432.40000000000003,1524.1970000000001,0.99,436.7676767676768,2858303573841.1606,0.0010015894310624386,364.08437031750685,True,-76808.10590000002,1091.9126333333334,7.2121,0,0,0,0,False,8.0,,,,0.0,0.0,0.0
144,2023-11-08 14:30:31,60.0,145.0,10.0,212.5832,439.27230000000003,21.520500000000002,182.0204,289.1258,27.85735,0.0008349793387170885,68.30391,45.53594,1961.155,432.61699999999996,1528.537,0.99,436.98686868686866,2852628601703.4023,0.0010015895146113663,364.29595290420986,True,-77907.22520000003,1099.1193,7.206666666666667,0,0,0,0,False,8.0,,,,0.0,0.0,0.0
145,2023-11-08 14:31:31,60.0,146.0,10.0,210.6843,438.72970000000004,21.3397,180.1215,288.0859,28.05628,0.0008313531540717734,68.30391,45.53594,1958.55,434.679,1523.8719999999998,0.99,439.06969696969696,2841224101883.265,0.0010015895702903028,364.44267019203943,True,-79013.55478333337,1106.3295833333334,7.210283333333333,0,0,0,0,False,8.0,,,,0.0,0.0,0.0
146,2023-11-08 14:32:31,60.0,147.0,10.0,210.41310000000001,434.4799,21.4301,178.7652,285.4185,28.09245,0.0008306965580011272,68.30391,45.53594,1966.146,436.198,1529.948,0.99,440.6040404040404,2807331726741.2407,0.001001589542450814,365.42739744409806,True,-80127.1290166667,1113.5742333333335,7.244649999999999,0,0,0,0,False,8.0,,,,0.0,0.0,0.0
147,2023-11-08 14:33:31,60.0,148.0,10.0,210.86520000000002,436.92130000000003,21.7014,182.2917,287.9051,28.17925,0.0008291242846772319,68.30391,45.53594,1967.448,436.74,1530.707,0.99,441.1515151515152,2833638523139.7324,0.0010015894589017723,365.1889815567126,True,-81247.97321666671,1120.8442000000002,7.269966666666666,0,0,0,0,False,8.0,,,,0.0,0.0,0.0
148,2023-11-08 14:34:31,60.0,149.0,10.0,212.1311,436.8309,21.4301,181.92999999999998,287.9503,28.3384,0.000826253992543277,68.32282500000001,45.54855,1960.938,436.957,1523.9799999999998,0.99,441.37070707070706,2842516265922.42,0.001001589542450814,364.10554768419996,True,-82376.09641666671,1128.1232000000002,7.279,0,0,0,0,False,8.0,,,,0.0,0.0,0.0
149,2023-11-08 14:35:31,60.0,150.0,10.0,213.84910000000002,441.8945,21.7014,181.8395,290.1657,28.35648,0.0008259289166318729,68.34174,45.56116,1967.8819999999998,437.28299999999996,1530.599,0.99,441.7,2863376813832.8066,0.0010015894589017723,364.233867712935,True,-83511.50223333338,1135.4058166666669,7.282616666666667,0,0,0,0,False,8.0,,,,0.0,0.0,0.0
150,2023-11-08 14:36:31,60.0,151.0,10.0,211.22679999999997,439.90520000000004,21.7014,180.5736,288.53810000000004,28.49392,0.000823464622764089,68.34174,45.56116,1960.938,437.5,1523.438,0.99,441.9191919191919,2854419895012.9424,0.0010015894589017723,363.32732681208984,True,-84654.19610000004,1142.693866666667,7.288049999999999,0,0,0,0,False,8.0,,,,0.0,0.0,0.0
151,2023-11-08 14:37:31,60.0,152.0,10.0,212.3119,437.1925,20.977999999999998,180.6641,287.9503,28.63498,0.0008209477942118233,68.30391,45.53594,1966.58,439.12800000000004,1527.452,0.99,443.5636363636364,2846744961170.8267,0.0010015896816794475,363.56463682285033,True,-85804.18163333338,1149.9855333333337,7.291666666666667,0,0,0,0,False,8.0,,,,0.0,0.0,0.0
152,2023-11-08 14:38:31,60.0,153.0,10.0,210.3226,440.3574,21.7918,181.0257,288.8997,28.6386,0.0008208833282827773,68.34174,45.56116,1967.448,440.538,1526.91,0.99,444.9878787878788,2847213111637.038,0.0010015894310624386,364.7034599770207,True,-86961.48596666672,1157.3043333333337,7.3188,0,0,0,0,False,8.0,,,,0.0,0.0,0.0
153,2023-11-08 14:39:31,60.0,154.0,10.0,211.8598,439.99569999999994,21.7918,181.8395,289.1258,28.8303,0.0008174832326074798,68.34174,45.56116,1966.146,438.368,1527.778,0.99,442.7959595959596,2875456786384.674,0.0010015894310624386,361.40384593721865,True,-88126.13260000006,1164.6466333333337,7.3423,0,0,0,0,False,8.0,,,,0.0,0.0,0.0
154,2023-11-08 14:40:31,60.0,155.0,10.0,213.0353,436.37879999999996,21.882199999999997,182.2012,287.27209999999997,28.9171,0.000815951179310371,68.37957,45.58638,1969.401,439.562,1529.839,0.99,444.0020202020202,2854610305531.062,0.0010015894032231487,361.70907043762986,True,-89298.08536666672,1171.952766666667,7.306133333333333,0,0,0,0,False,8.0,,,,0.0,0.0,0.0
155,2023-11-08 14:41:31,60.0,156.0,10.0,212.22150000000002,440.44780000000003,22.1535,181.0257,288.5833,28.95327,0.0008153141250986125,68.398485,45.59899,1959.635,440.321,1519.314,0.99,444.7686868686869,2864933368332.1016,0.0010015893196747311,362.05077838027074,True,-90477.36416666672,1179.2788000000003,7.326033333333333,0,0,0,0,False,8.0,,,,0.0,0.0,0.0
156,2023-11-08 14:42:31,60.0,157.0,10.0,213.57780000000002,441.5329,21.882199999999997,182.2917,290.03000000000003,29.11603,0.0008124574586347727,68.34174,45.56116,1967.231,441.189,1526.042,0.99,445.6454545454546,2883734758545.3345,0.0010015894032231487,361.4934146537405,True,-91663.98165000006,1186.6174833333337,7.338683333333334,0,0,0,0,False,8.0,,,,0.0,0.0,0.0
157,2023-11-08 14:43:31,60.0,158.0,10.0,211.8598,443.07,21.9727,182.4725,290.7986,29.23539,0.000810372783530594,68.47414500000001,45.64943,1966.7969999999998,442.49100000000004,1524.306,0.99,446.9606060606061,2890285326949.8027,0.0010015893753530796,361.62994474074816,True,-92857.95228333339,1193.9706333333336,7.35315,0,0,0,0,False,8.0,,,,0.0,0.0,0.0
158,2023-11-08 14:44:31,60.0,159.0,10.0,177.6801,405.09259999999995,21.4301,146.6652,254.44879999999998,29.23177,0.0008104359006573502,68.284995,45.52333,2161.024,384.983,1776.042,0.99,388.8717171717172,2906550538824.828,0.001001589542450814,314.65544216353237,True,-94059.29776666673,1201.3454833333335,7.37485,0,1,0,0,True,9.0,,,,0.0,0.0,0.0
159,2023-11-08 14:45:31,60.0,160.0,10.0,176.3238,398.9439,20.616300000000003,143.5909,250.651,29.30773,0.0008091135888915238,68.37957,45.58638,2157.118,384.87399999999997,1772.244,0.99,388.76161616161613,2868659938023.497,0.0010015897930692199,314.05302714986385,True,-95267.0596333334,1207.761866666667,6.416383333333333,0,0,0,0,False,9.0,,,,0.0,0.0,0.0
160,2023-11-08 14:46:31,60.0,161.0,10.0,175.05790000000002,405.72549999999995,21.882199999999997,145.2185,253.5898,29.46325,0.0008064170576111063,68.37957,45.58638,2158.637,385.308,1773.329,0.99,389.2,2908718846136.8237,0.0010015894032231487,313.35946427971226,True,-96481.23606666672,1214.1764333333335,6.4145666666666665,0,0,0,0,False,9.0,,,,0.0,0.0,0.0
161,2023-11-08 14:47:31,60.0,162.0,10.0,175.60039999999998,400.57140000000004,21.249299999999998,143.41,250.7415,29.55006,0.0008049182334272549,68.32282500000001,45.54855,2160.59,385.851,1774.74,0.99,389.74848484848485,2877348853156.068,0.001001589598129836,313.21777152134996,True,-97701.83430000006,1220.5982333333336,6.4218,0,0,0,0,False,9.0,,,,0.0,0.0,0.0
162,2023-11-08 14:48:31,60.0,163.0,10.0,175.4196,403.0128,21.3397,143.9525,252.143,29.58984,0.0008042329022517897,68.37957,45.58638,2161.024,387.044,1773.9799999999998,0.99,390.95353535353536,2886971091138.4985,0.0010015895702903028,313.91870054301774,True,-98928.86338333339,1227.0290833333336,6.43085,0,0,0,0,False,9.0,,,,0.0,0.0,0.0
163,2023-11-08 14:49:31,60.0,164.0,10.0,177.0472,400.1194,21.0684,144.22379999999998,251.10320000000002,29.66941,0.0008028649090308006,68.37957,45.58638,2160.373,386.936,1773.438,0.99,390.84444444444443,2880768292979.648,0.0010015896538398015,313.2972551494351,True,-100162.34320000006,1233.479816666667,6.450733333333333,0,0,0,0,False,9.0,,,,0.0,0.0,0.0
164,2023-11-08 14:50:31,60.0,165.0,10.0,173.3398,397.045,21.249299999999998,141.5111,248.0288,29.81409,0.0008003871291717135,68.37957,45.58638,2166.016,389.323,1776.693,0.99,393.25555555555553,2836806085936.978,0.001001589598129836,314.2571425758123,True,-101402.27195000007,1239.9287500000003,6.448933333333333,0,0,0,0,False,9.0,,,,0.0,0.0,0.0
165,2023-11-08 14:51:31,60.0,166.0,10.0,177.40890000000002,397.5875,21.249299999999998,143.8621,249.47560000000001,29.94068,0.0007982292919606008,68.34174,45.56116,2163.629,389.323,1774.306,0.99,393.25555555555553,2861067138751.524,0.001001589598129836,313.4099078672659,True,-102648.68941666673,1246.417466666667,6.488716666666666,0,0,0,0,False,9.0,,,,0.0,0.0,0.0
166,2023-11-08 14:52:31,60.0,167.0,10.0,177.3184,399.7577,21.249299999999998,144.3142,250.7867,30.0094,0.0007970618377579152,68.4174,45.6116,2159.288,390.40799999999996,1768.88,0.99,394.3515151515151,2872311067048.896,0.001001589598129836,313.8236898388189,True,-103901.59560000007,1252.9061833333337,6.488716666666666,0,0,0,0,False,9.0,,,,0.0,0.0,0.0
167,2023-11-08 14:53:31,60.0,168.0,10.0,175.8717,398.5822,21.4301,140.8782,248.3001,30.04919,0.0007963871214770095,68.4174,45.6116,2163.846,390.40799999999996,1773.438,0.99,394.3515151515151,2846240886831.2515,0.001001589542450814,313.55805416372453,True,-105161.0085833334,1259.4129833333338,6.506799999999999,0,0,0,0,False,9.0,,,,0.0,0.0,0.0
168,2023-11-08 14:54:31,60.0,169.0,10.0,176.05249999999998,406.5393,21.4301,143.5909,253.63500000000002,30.16855,0.0007943686867382272,68.4174,45.6116,2161.458,391.493,1769.965,0.99,395.44747474747476,2906703683941.7563,0.001001589542450814,313.63255892273463,True,-106426.92836666673,1265.919783333334,6.506799999999999,0,0,0,0,False,9.0,,,,0.0,0.0,0.0
169,2023-11-08 14:55:31,60.0,170.0,10.0,175.14829999999998,397.6779,21.3397,142.4154,248.70700000000002,30.29514,0.0007922370196849206,68.37957,45.58638,2165.799,391.385,1774.414,0.99,395.33838383838383,2858685605740.5728,0.0010015895702903028,312.70463697859327,True,-107699.3730333334,1272.4446666666672,6.524883333333333,0,0,0,0,False,9.0,,,,0.0,0.0,0.0
170,2023-11-08 14:56:31,60.0,171.0,10.0,172.7069,397.2258,21.0684,142.2345,248.6618,30.42896,0.0007899936533751775,68.37957,45.58638,2161.024,392.904,1768.121,0.99,396.8727272727273,2855201189901.4375,0.0010015896538398015,313.0293274707679,True,-108978.34078333339,1278.9677500000005,6.523083333333333,0,0,0,0,False,9.0,,,,0.0,0.0,0.0
171,2023-11-08 14:57:31,60.0,172.0,10.0,172.0739,397.6779,21.249299999999998,141.059,248.1192,30.52662,0.0007883629514467147,68.4174,45.6116,2168.4030000000002,393.88,1774.5230000000001,0.99,397.85858585858585,2847789809456.534,0.001001589598129836,313.159171772101,True,-110263.85693333339,1285.5161500000004,6.5484,0,0,0,0,False,9.0,,,,0.0,0.0,0.0
172,2023-11-08 14:58:31,60.0,173.0,10.0,174.69619999999998,404.82129999999995,21.249299999999998,142.86749999999998,252.5951,30.57364,0.0007875797662025926,68.398485,45.59899,2159.288,393.121,1766.168,0.99,397.0919191919192,2907647955221.4414,0.001001589598129836,312.245216465966,True,-111555.93775000006,1292.080816666667,6.564666666666667,0,0,0,0,False,9.0,,,,0.0,0.0,0.0
173,2023-11-08 14:59:31,60.0,174.0,10.0,172.3452,397.1354,21.3397,140.6973,247.3958,30.63513,0.0007865574601144517,68.4174,45.6116,2161.6749999999997,392.578,1769.097,0.99,396.54343434343434,2855443722378.402,0.0010015895702903028,311.40918974608593,True,-112854.57058333339,1298.6328333333338,6.552016666666666,0,0,0,0,False,9.0,,,,0.0,0.0,0.0
174,2023-11-08 15:00:31,60.0,175.0,10.0,172.2548,393.7898,21.0684,138.9793,245.3161,30.75448,0.0007845793209715085,68.398485,45.59899,2156.467,393.989,1762.478,0.99,397.96868686868686,2828412794176.9106,0.0010015896538398015,311.74243954530493,True,-114159.74638333339,1305.1758000000004,6.542966666666667,0,0,0,0,False,9.0,,,,0.0,0.0,0.0
175,2023-11-08 15:01:31,60.0,176.0,10.0,177.861,400.20980000000003,21.520500000000002,144.7663,250.9675,30.89554,0.0007822517129282263,68.37957,45.58638,2172.3089999999997,397.24399999999997,1775.0649999999998,0.99,401.2565656565656,2878401091769.824,0.0010015895146113663,313.3855049694065,True,-115471.48866666673,1311.7422833333337,6.566483333333333,0,0,0,0,False,9.0,,,,0.0,0.0,0.0
176,2023-11-08 15:02:31,60.0,177.0,10.0,177.0472,403.0128,21.3397,145.8514,253.09240000000003,31.00405,0.0007804688050567685,68.34174,45.56116,2169.054,394.748,1774.306,0.99,398.7353535353535,2927799362891.311,0.0010015895702903028,310.70661490357423,True,-116789.8516833334,1318.3630166666671,6.620733333333333,0,0,0,0,False,9.0,,,,0.0,0.0,0.0
177,2023-11-08 15:03:31,60.0,178.0,10.0,175.14829999999998,396.7737,21.3397,141.9633,248.0288,31.10532,0.0007788107822417774,68.398485,45.59899,2167.9689999999996,395.07399999999996,1772.8950000000002,0.99,399.06464646464644,2872958829724.39,0.0010015895702903028,310.302601681533,True,-118114.7938333334,1324.9421500000005,6.579133333333333,0,0,0,0,False,9.0,,,,0.0,0.0,0.0
178,2023-11-08 15:04:31,60.0,179.0,10.0,174.5153,397.2258,21.7014,142.5058,248.16440000000003,31.19575,0.0007773350496626468,68.34174,45.56116,2168.186,396.05,1772.135,0.99,400.0505050505051,2872889407947.545,0.0010015894589017723,310.47978435393964,True,-119446.32055000006,1331.5267166666672,6.584566666666666,0,0,0,0,False,9.0,,,,0.0,0.0,0.0
179,2023-11-08 15:05:31,60.0,180.0,10.0,174.3345,394.87489999999997,20.977999999999998,141.059,246.98889999999997,31.25362,0.0007763930366368293,68.37957,45.58638,2165.799,396.918,1768.88,0.99,400.92727272727274,2856489982412.2485,0.0010015896816794475,310.7830965483846,True,-120784.44810000007,1338.1275500000006,6.600833333333333,0,0,0,0,False,9.0,,,,0.0,0.0,0.0
180,2023-11-08 15:06:31,60.0,181.0,10.0,173.3398,398.3109,21.249299999999998,140.6069,248.2096,31.32234,0.0007752768081070144,68.37957,45.58638,2163.846,398.22,1765.625,0.99,402.24242424242425,2865341629249.17,0.001001589598129836,311.354294547565,True,-122129.19095000006,1344.7428500000005,6.6153,0,0,0,0,False,9.0,,,,0.0,0.0,0.0
181,2023-11-08 15:07:31,60.0,182.0,10.0,173.4303,397.4067,21.0684,140.6069,247.9384,31.38021,0.000774338829525617,68.37957,45.58638,2161.024,397.352,1763.6719999999998,0.99,401.36565656565654,2871937924850.4634,0.0010015896538398015,310.2997435380266,True,-123480.57080000006,1351.3798500000005,6.6370000000000005,0,0,0,0,False,9.0,,,,0.0,0.0,0.0
182,2023-11-08 15:08:31,60.0,183.0,10.0,177.0472,399.4864,21.249299999999998,144.043,250.7415,31.46701,0.0007729353860058999,68.4174,45.6116,2166.016,397.24399999999997,1768.772,0.99,401.2565656565656,2910471683516.607,0.001001589598129836,309.6531743563047,True,-124838.5731833334,1358.002383333334,6.622533333333333,0,0,0,0,False,9.0,,,,0.0,0.0,0.0
183,2023-11-08 15:09:31,60.0,184.0,10.0,173.4303,397.8588,21.0684,141.6016,248.6618,31.55744,0.0007714776226669237,68.436315,45.62421,2165.365,399.414,1765.9499999999998,0.99,403.44848484848484,2876074632219.206,0.0010015896538398015,310.757481136346,True,-126203.19630000007,1364.6231166666673,6.620733333333333,0,0,0,0,False,9.0,,,,0.0,0.0,0.0
184,2023-11-08 15:10:31,60.0,185.0,10.0,173.2494,396.6833,21.7918,141.7824,247.44100000000003,31.68764,0.0007693865685259351,68.436315,45.62421,2169.705,399.08900000000006,1770.616,0.99,403.1202020202021,2872069860545.7915,0.0010015894310624386,309.6630808162652,True,-127574.47631666674,1371.2800166666673,6.656899999999999,0,0,0,0,False,9.0,,,,0.0,0.0,0.0
185,2023-11-08 15:11:31,60.0,186.0,10.0,172.9782,398.4917,21.520500000000002,142.2345,248.8426,31.77445,0.0007679974584446365,68.4174,45.6116,2165.365,400.716,1764.648,0.99,404.76363636363635,2881814083260.39,0.0010015895146113663,310.3641157013307,True,-128952.40781666675,1377.9315000000006,6.651483333333334,0,0,0,0,False,9.0,,,,0.0,0.0,0.0
186,2023-11-08 15:12:31,60.0,187.0,10.0,104.6188,329.5898,20.5259,73.06129999999999,180.7997,31.8504,0.0007667854435458243,68.4174,45.6116,2491.536,286.567,2204.969,0.99,289.4616161616162,2932482060158.8403,0.001001589820909034,221.60264521910938,True,-130337.01791666675,1384.6101000000006,6.6786,0,1,0,0,True,10.0,,,,0.0,0.0,0.0
187,2023-11-08 15:13:31,60.0,188.0,10.0,105.3422,330.6749,20.616300000000003,70.9816,180.2119,31.89381,0.0007660941033630432,68.4174,45.6116,2496.311,287.543,2208.767,0.99,290.44747474747476,2915655723435.758,0.0010015897930692199,222.1569142182234,True,-131726.40413333342,1389.3862166666672,4.776116666666667,0,0,0,0,False,10.0,,,,0.0,0.0,0.0
188,2023-11-08 15:14:31,60.0,189.0,10.0,104.9805,327.60060000000004,20.5259,70.1678,178.35829999999999,32.01316,0.000764198544888636,68.47414500000001,45.64943,2492.404,287.76,2204.6440000000002,0.99,290.6666666666667,2890642531694.0044,0.001001589820909034,221.77446203745993,True,-133120.58273333343,1394.1786000000006,4.792383333333333,0,0,0,0,False,10.0,,,,0.0,0.0,0.0
189,2023-11-08 15:15:31,60.0,190.0,10.0,106.69850000000001,330.1324,20.616300000000003,73.5135,181.61350000000002,32.09997,0.0007628245680074433,68.47414500000001,45.64943,2498.9150000000004,288.845,2210.069,0.99,291.76262626262627,2937624607877.5938,0.0010015897930692199,222.21043073681128,True,-134519.55733333342,1398.9746000000007,4.796,0,0,0,0,False,10.0,,,,0.0,0.0,0.0
190,2023-11-08 15:16:31,60.0,191.0,10.0,106.78890000000001,332.4834,20.7972,73.8751,182.38209999999998,32.21209,0.0007610559136763839,68.47414500000001,45.64943,2492.839,288.628,2204.2099999999996,0.99,291.54343434343434,2959135706368.4995,0.0010015897373588283,221.52868237816466,True,-135923.34601666676,1403.7886833333341,4.8140833333333335,0,0,0,0,False,10.0,,,,0.0,0.0,0.0
191,2023-11-08 15:17:31,60.0,192.0,10.0,105.97510000000001,329.3186,20.616300000000003,73.8751,180.9805,32.2989,0.0007596910670399698,68.53089,45.68726,2490.885,288.954,2201.931,0.99,291.8727272727273,2938351510704.62,0.0010015897930692199,221.38115339835568,True,-137331.94516666676,1408.5991500000007,4.810466666666667,0,0,0,0,False,10.0,,,,0.0,0.0,0.0
192,2023-11-08 15:18:31,60.0,193.0,10.0,105.3422,330.6749,20.3451,71.8858,180.9353,32.42911,0.0007576512955398046,68.436315,45.62421,2491.971,289.822,2202.148,0.99,292.74949494949493,2936704717757.852,0.0010015898765888666,221.44995601643225,True,-138745.36021666677,1413.4150500000007,4.8159,0,0,0,0,False,10.0,,,,0.0,0.0,0.0
193,2023-11-08 15:19:31,60.0,194.0,10.0,104.0762,330.6749,20.3451,71.97630000000001,180.9805,32.54485,0.0007558456432264917,68.53089,45.68726,2487.6299999999997,289.388,2198.242,0.99,292.3111111111111,2948871489712.1045,0.0010015898765888666,220.5913667503258,True,-140163.60563333344,1418.2454166666673,4.8303666666666665,0,0,0,0,False,10.0,,,,0.0,0.0,0.0
194,2023-11-08 15:20:31,60.0,195.0,10.0,106.69850000000001,329.1377,20.616300000000003,72.6092,180.2572,32.63527,0.0007544398599113335,68.47414500000001,45.64943,2491.319,289.28,2202.0400000000004,0.99,292.20202020202015,2943657526477.537,0.0010015897930692199,220.09893941859042,True,-141586.67418333344,1423.0685500000006,4.823133333333333,0,0,0,0,False,10.0,,,,0.0,0.0,0.0
195,2023-11-08 15:21:31,60.0,196.0,10.0,104.0762,329.409,20.4355,72.1571,180.3476,32.71484,0.0007532062537075188,68.47414500000001,45.64943,2490.451,291.66700000000003,2198.785,0.99,294.61313131313136,2925814923626.377,0.0010015898487489084,221.55221841214455,True,-143014.56406666676,1427.889883333334,4.821333333333333,0,0,0,0,False,10.0,,,,0.0,0.0,0.0
196,2023-11-08 15:22:31,60.0,197.0,10.0,104.0762,326.60589999999996,20.3451,70.1678,178.0418,32.75101,0.0007526465751696577,68.511975,45.67465,2496.0939999999996,291.88399999999996,2204.2099999999996,0.99,294.8323232323232,2888406360785.9824,0.0010015898765888666,221.55229751908635,True,-144447.31506666675,1432.7510000000007,4.861116666666667,0,0,0,0,False,10.0,,,,0.0,0.0,0.0
197,2023-11-08 15:23:31,60.0,198.0,10.0,105.1613,328.2335,20.7972,73.06129999999999,179.8503,32.7908,0.0007520316770518007,68.436315,45.62421,2498.4809999999998,290.582,2207.899,0.99,293.5171717171717,2933215822728.7812,0.0010015897373588283,220.3838584369261,True,-145884.9308000001,1437.615733333334,4.864733333333333,0,0,0,0,False,10.0,,,,0.0,0.0,0.0
198,2023-11-08 15:24:31,60.0,199.0,10.0,105.523,331.3983,20.5259,72.9709,181.65869999999998,32.88484,0.0007505816127329197,68.53089,45.68726,2492.839,291.341,2201.498,0.99,294.2838383838384,2960699767515.47,0.001001589820909034,220.53342935824057,True,-147327.38956666677,1442.4587666666673,4.8430333333333335,0,0,0,0,False,10.0,,,,0.0,0.0,0.0
199,2023-11-08 15:25:31,60.0,200.0,10.0,103.7145,326.6963,20.5259,73.3326,179.4886,33.01505,0.0007485812980850715,68.49306,45.66204,2489.149,293.294,2195.855,0.99,296.25656565656567,2913616675221.456,0.001001589820909034,221.420106170946,True,-148774.70401666677,1447.3144500000008,4.855683333333333,0,0,0,0,False,10.0,,,,0.0,0.0,0.0
200,2023-11-08 15:26:31,60.0,201.0,10.0,106.24640000000001,327.1484,20.8876,71.705,178.5391,33.17057,0.0007462034776400007,68.53089,45.68726,2493.49,291.66700000000003,2201.823,0.99,294.61313131313136,2923657355833.2363,0.001001589709519141,219.49241396441033,True,-150226.9067000001,1452.202683333334,4.888233333333333,0,0,0,0,False,10.0,,,,0.0,0.0,0.0
201,2023-11-08 15:27:31,60.0,202.0,10.0,103.2624,330.6749,20.3451,71.6146,180.7997,33.24291,0.0007451015787163615,68.511975,45.67465,2489.366,292.969,2196.3979999999997,0.99,295.9282828282828,2951876941920.731,0.0010015898765888666,220.14662475735574,True,-151683.9705000001,1457.0638000000008,4.861116666666667,0,0,0,0,False,10.0,,,,0.0,0.0,0.0
202,2023-11-08 15:28:31,60.0,203.0,10.0,105.97510000000001,324.707,20.5259,72.1571,177.90619999999998,33.25738,0.0007448814958481343,68.53089,45.68726,2491.536,292.42600000000004,2199.11,0.99,295.379797979798,2910888761080.8647,0.001001589820909034,219.67370391486284,True,-153145.91711666677,1461.9466166666675,4.882816666666667,0,0,0,0,False,10.0,,,,0.0,0.0,0.0
203,2023-11-08 15:29:31,60.0,204.0,10.0,104.16669999999999,325.2496,20.5259,71.1625,177.6801,33.37312,0.0007431248681862717,68.49306,45.66204,2496.311,292.53499999999997,2203.776,0.99,295.48989898989896,2912975662885.0986,0.001001589820909034,219.23734412351476,True,-154612.7375000001,1466.8203833333341,4.8737666666666675,0,0,0,0,False,10.0,,,,0.0,0.0,0.0
204,2023-11-08 15:30:31,60.0,205.0,10.0,103.35289999999999,325.15909999999997,20.4355,71.1625,177.7253,33.49971,0.0007412112388930245,68.511975,45.67465,2489.7999999999997,293.077,2196.723,0.99,296.03737373737374,2915836836088.93,0.0010015898487489084,219.0779277771262,True,-156084.4334666668,1471.6959666666673,4.875583333333333,0,0,0,0,False,10.0,,,,0.0,0.0,0.0
205,2023-11-08 15:31:31,60.0,206.0,10.0,104.4379,328.9569,20.4355,72.0667,180.0763,33.56843,0.0007401757608463259,68.56872,45.71248,2493.924,294.813,2199.11,0.99,297.79090909090905,2941120140224.214,0.0010015898487489084,220.0677382910855,True,-157561.0140500001,1476.580583333334,4.884616666666667,0,0,0,0,False,10.0,,,,0.0,0.0,0.0
206,2023-11-08 15:32:31,60.0,207.0,10.0,106.87930000000001,323.98359999999997,20.5259,72.33800000000001,177.6349,33.60822,0.000739577277748601,68.53089,45.68726,2493.49,296.332,2197.1569999999997,0.99,299.3252525252525,2888709564018.7764,0.001001589820909034,221.0227688048203,True,-159042.50818333344,1481.494133333334,4.91355,0,0,0,0,False,10.0,,,,0.0,0.0,0.0
207,2023-11-08 15:33:31,60.0,208.0,10.0,104.6188,328.9569,20.616300000000003,70.3487,179.0365,33.75651,0.0007373537269175295,68.49306,45.66204,2493.7070000000003,296.44100000000003,2197.266,0.99,299.43535353535356,2919208569376.2744,0.0010015897930692199,220.43932099545884,True,-160528.94118333343,1486.4330000000007,4.938866666666667,0,0,0,0,False,10.0,,,,0.0,0.0,0.0
208,2023-11-08 15:34:31,60.0,209.0,10.0,103.7145,333.8397,20.7972,71.2529,181.7491,33.86502,0.0007357335265165517,68.511975,45.67465,2489.366,295.139,2194.2270000000003,0.99,298.12020202020204,2983065683364.996,0.0010015897373588283,218.98889273420207,True,-162020.31486666677,1491.373683333334,4.940683333333334,0,0,0,0,False,10.0,,,,0.0,0.0,0.0
209,2023-11-08 15:35:31,60.0,210.0,10.0,106.24640000000001,328.776,20.7972,72.9709,180.0763,33.87225,0.0007356257774951615,68.56872,45.71248,2500.4339999999997,297.30899999999997,2203.125,0.99,300.31212121212116,2934467194258.502,0.0010015897373588283,220.56669454345882,True,-163516.60753333344,1496.2926666666672,4.918983333333333,0,0,0,0,False,10.0,,,,0.0,0.0,0.0
210,2023-11-08 15:36:31,60.0,211.0,10.0,106.51759999999999,329.8611,21.0684,73.423,180.5737,33.96629,0.0007342266360674598,68.53089,45.68726,2491.536,295.68100000000004,2195.855,0.99,298.6676767676768,2964412516494.214,0.0010015896538398015,218.94172206603972,True,-165017.8553500001,1501.2478166666672,4.95515,0,0,0,0,False,10.0,,,,0.0,0.0,0.0
211,2023-11-08 15:37:31,60.0,212.0,10.0,104.0762,328.41429999999997,20.5259,71.8858,179.6242,34.14352,0.0007316014306666132,68.49306,45.66204,2492.622,296.76599999999996,2195.855,0.99,299.76363636363635,2948586366596.0894,0.001001589820909034,218.95939899471142,True,-166524.03118333346,1506.175833333334,4.928016666666667,0,0,0,0,False,10.0,,,,0.0,0.0,0.0
212,2023-11-08 15:38:31,60.0,213.0,10.0,106.78890000000001,329.409,20.4355,73.06129999999999,180.7997,34.12905,0.0007318151884950853,68.53089,45.68726,2495.66,296.76599999999996,2198.893,0.99,299.76363636363635,2967015663192.647,0.0010015898487489084,219.0233680217956,True,-168035.1531166668,1511.1219333333338,4.9460999999999995,0,0,0,0,False,10.0,,,,0.0,0.0,0.0
213,2023-11-08 15:39:31,60.0,214.0,10.0,106.69850000000001,326.5155,20.8876,73.06129999999999,178.9008,34.25926,0.0007298952838016396,68.56872,45.71248,2500.651,297.635,2203.017,0.99,300.64141414141415,2934981852982.725,0.001001589709519141,219.08846328166092,True,-169551.22115000014,1516.0680333333337,4.9460999999999995,0,0,0,0,False,10.0,,,,0.0,0.0,0.0
214,2023-11-08 15:40:31,60.0,215.0,10.0,102.7199,328.6856,20.616300000000003,70.8008,179.1269,34.36053,0.000728407698066684,68.606565,45.73771,2498.047,297.418,2200.6290000000004,0.99,300.4222222222222,2946841175851.659,0.0010015897930692199,218.48251734514568,True,-171072.24976666682,1521.028616666667,4.960583333333333,0,0,0,0,False,10.0,,,,0.0,0.0,0.0
215,2023-11-08 15:41:31,60.0,216.0,10.0,104.4379,331.2174,20.5259,71.6146,180.89010000000002,34.37862,0.0007281424838328903,68.53089,45.68726,2498.047,298.71999999999997,2199.3269999999998,0.99,301.73737373737373,2963956480803.2354,0.001001589820909034,219.3590591595066,True,-172598.23535000015,1525.9855833333336,4.956966666666667,0,0,0,0,False,10.0,,,,0.0,0.0,0.0
216,2023-11-08 15:42:31,60.0,217.0,10.0,105.0709,329.2281,20.7972,72.42840000000001,180.0311,34.54138,0.0007257633769177268,68.53089,45.68726,2496.311,300.022,2196.289,0.99,303.05252525252524,2946707845040.6553,0.0010015897373588283,219.59532521839364,True,-174129.19960000014,1530.9642500000002,4.978666666666666,0,0,0,0,False,10.0,,,,0.0,0.0,0.0
217,2023-11-08 15:43:31,60.0,218.0,10.0,71.52420000000001,293.6017,20.164199999999997,37.344500000000004,145.3089,34.54499,0.0007257107145924618,68.56872,45.71248,2713.3250000000003,242.513,2470.812,0.99,244.96262626262626,2942600817260.7534,0.0010015899322995665,177.4898057784457,True,-175665.1642166668,1535.9646166666669,5.000366666666666,0,1,0,0,True,11.0,,,,0.0,0.0,0.0
218,2023-11-08 15:44:31,60.0,219.0,10.0,71.072,292.3358,20.3451,37.0732,144.3594,34.68967,0.0007236066999451227,68.56872,45.71248,2700.955,240.885,2460.069,0.99,243.3181818181818,2951687846930.758,0.0010015898765888666,175.78718664942525,True,-177205.1707166668,1540.0065000000002,4.041883333333334,0,0,0,0,False,11.0,,,,0.0,0.0,0.0
219,2023-11-08 15:45:31,60.0,220.0,10.0,71.1625,297.309,20.4355,37.796600000000005,147.1173,34.75116,0.0007227154755059535,68.56872,45.71248,2706.814,240.885,2465.929,0.99,243.3181818181818,3011787522088.224,0.0010015898487489084,175.57068463865357,True,-178749.19196666678,1544.0212500000002,4.01475,0,0,0,0,False,11.0,,,,0.0,0.0,0.0
220,2023-11-08 15:46:31,60.0,221.0,10.0,72.7901,295.8623,20.616300000000003,38.4295,146.5296,34.87051,0.0007209907149413518,68.53089,45.68726,2707.465,242.839,2464.627,0.99,245.2919191919192,2982736933070.086,0.0010015897930692199,176.57248247865857,True,-180297.22796666677,1548.0360000000003,4.01475,0,0,0,0,False,11.0,,,,0.0,0.0,0.0
221,2023-11-08 15:47:31,60.0,222.0,10.0,73.5135,293.4209,20.4355,36.892399999999995,144.7211,34.90306,0.0007205214702175132,68.587635,45.72509,2702.474,242.07899999999998,2460.395,0.99,244.5242424242424,2957096566696.2754,0.0010015898487489084,175.90530382812125,True,-181849.31128333343,1552.0833166666669,4.047316666666666,0,0,0,0,False,11.0,,,,0.0,0.0,0.0
222,2023-11-08 15:48:31,60.0,223.0,10.0,72.6092,291.3411,20.3451,37.1636,143.9073,35.04774,0.0007184417744262932,68.56872,45.71248,2705.078,243.164,2461.914,0.99,245.62020202020202,2935821622117.392,0.0010015898765888666,176.18370342891708,True,-183405.4292500001,1556.117966666667,4.03465,0,0,0,0,False,11.0,,,,0.0,0.0,0.0
223,2023-11-08 15:49:31,60.0,224.0,10.0,70.6199,289.5327,20.4355,36.169000000000004,142.4606,35.06944,0.0007181306957011038,68.56872,45.71248,2700.304,243.707,2456.5969999999998,0.99,246.16868686868688,2901088452025.546,0.0010015898487489084,176.50068097400927,True,-184965.5999500001,1560.1707000000004,4.052733333333333,0,0,0,0,False,11.0,,,,0.0,0.0,0.0
224,2023-11-08 15:50:31,60.0,225.0,10.0,70.1678,292.2454,20.5259,37.344500000000004,144.3142,35.23944,0.0007157011791551121,68.56872,45.71248,2702.474,243.164,2459.31,0.99,245.62020202020202,2955396468365.7056,0.001001589820909034,175.51163614125926,True,-186529.83243333342,1564.2324833333337,4.0617833333333335,0,0,0,0,False,11.0,,,,0.0,0.0,0.0
225,2023-11-08 15:51:31,60.0,226.0,10.0,71.072,296.4048,20.4355,37.9774,146.75560000000002,35.2322,0.0007158043699936742,68.587635,45.72509,2700.738,243.05599999999998,2457.6820000000002,0.99,245.5111111111111,3006295632239.5483,0.0010015898487489084,175.45897298664823,True,-188098.1176500001,1568.285216666667,4.052733333333333,0,0,0,0,False,11.0,,,,0.0,0.0,0.0
226,2023-11-08 15:52:31,60.0,227.0,10.0,70.8008,289.171,20.0738,37.1636,143.0935,35.40943,0.0007132850789692876,68.56872,45.71248,2694.444,242.839,2451.6059999999998,0.99,245.2919191919192,2944259105194.6865,0.0010015899601396113,174.68532325039297,True,-189670.45380000008,1572.3361500000005,4.050933333333333,0,0,0,0,False,11.0,,,,0.0,0.0,0.0
227,2023-11-08 15:53:31,60.0,228.0,10.0,71.52420000000001,292.7879,19.9834,37.1636,144.9924,35.42028,0.0007131313110366973,68.587635,45.72509,2703.342,242.622,2460.721,0.99,245.0727272727273,2986642565749.599,0.0010015899879796892,174.49159575952453,True,-191246.83726666676,1576.3834666666671,4.047316666666666,0,0,0,0,False,11.0,,,,0.0,0.0,0.0
228,2023-11-08 15:54:31,60.0,229.0,10.0,72.42840000000001,296.5856,20.164199999999997,38.6104,147.4338,35.57581,0.0007109331194126952,68.53089,45.68726,2698.5679999999998,243.273,2455.295,0.99,245.73030303030302,3038170182924.4707,0.0010015899322995665,174.42049409029968,True,-192827.26443333342,1580.427166666667,4.0437,0,0,0,0,False,11.0,,,,0.0,0.0,0.0
229,2023-11-08 15:55:31,60.0,230.0,10.0,70.71039999999999,294.958,20.3451,38.6104,146.4392,35.6156,0.0007103725219706977,68.587635,45.72509,2700.738,242.839,2457.899,0.99,245.2919191919192,3025453296236.711,0.0010015898765888666,173.97204517365736,True,-194411.74615000008,1584.4817166666671,4.05455,0,0,0,0,False,11.0,,,,0.0,0.0,0.0
230,2023-11-08 15:56:31,60.0,231.0,10.0,71.52420000000001,291.3411,20.4355,38.519999999999996,144.4951,35.67347,0.000709558464731887,68.53089,45.68726,2700.304,244.141,2456.163,0.99,246.6070707070707,2972774115123.8755,0.0010015898487489084,174.70438094146837,True,-196000.2751833334,1588.5290333333337,4.047316666666666,0,0,0,0,False,11.0,,,,0.0,0.0,0.0
231,2023-11-08 15:57:31,60.0,232.0,10.0,69.89659999999999,292.0645,20.5259,36.2594,143.6361,35.81453,0.0007075804977850876,68.56872,45.71248,2700.738,244.46599999999998,2456.272,0.99,246.93535353535353,2959422552218.6074,0.001001589820909034,174.44929723497157,True,-197592.8732333334,1592.5980500000003,4.069016666666666,0,0,0,0,False,11.0,,,,0.0,0.0,0.0
232,2023-11-08 15:58:31,60.0,233.0,10.0,72.42840000000001,291.7028,20.8876,37.9774,144.043,35.81453,0.0007075805252165642,68.56872,45.71248,2700.738,245.551,2455.187,0.99,248.0313131313131,2954692398370.8745,0.001001589709519141,175.22357223484903,True,-199189.54571666673,1596.6724833333337,4.074433333333333,0,0,0,0,False,11.0,,,,0.0,0.0,0.0
233,2023-11-08 15:59:31,60.0,234.0,10.0,70.2582,291.7933,20.164199999999997,35.9881,143.7265,35.9592,0.0007055611586111149,68.56872,45.71248,2701.172,245.226,2455.946,0.99,247.70303030303032,2960556585957.686,0.0010015899322995665,174.492206257339,True,-200790.31071666675,1600.7650000000003,4.092516666666667,0,0,0,0,False,11.0,,,,0.0,0.0,0.0
234,2023-11-08 16:00:31,60.0,235.0,10.0,69.8061,294.5059,20.977999999999998,36.7115,144.6307,36.04962,0.0007043038831022929,68.511975,45.67465,2696.615,245.00900000000001,2451.6059999999998,0.99,247.4838383838384,2987143339551.195,0.0010015896816794475,174.0271805581385,True,-202395.16281666674,1604.8521000000003,4.0871,0,0,0,0,False,11.0,,,,0.0,0.0,0.0
235,2023-11-08 16:01:31,60.0,236.0,10.0,70.2582,288.8997,20.616300000000003,36.6211,142.1441,36.06771,0.0007040527400334791,68.56872,45.71248,2698.5679999999998,246.528,2452.0400000000004,0.99,249.0181818181818,2918737836051.1714,0.0010015897930692199,175.04365004559256,True,-204004.09840000008,1608.9355833333336,4.083483333333334,0,0,0,0,False,11.0,,,,0.0,0.0,0.0
236,2023-11-08 16:02:31,60.0,237.0,10.0,71.52420000000001,295.2293,20.616300000000003,36.7115,145.3541,36.21238,0.0007020497384336792,68.56872,45.71248,2693.794,246.636,2447.1569999999997,0.99,249.12727272727273,2991855619728.8975,0.0010015897930692199,174.62212361302522,True,-205617.1427833334,1613.0443833333336,4.1088,0,0,0,0,False,11.0,,,,0.0,0.0,0.0
237,2023-11-08 16:03:31,60.0,238.0,10.0,27.398,22.1535,29.206500000000002,7.3242,-14.4676,35.95559,0.0007056121363400064,68.53089,45.68726,0.0,0.0,0.0,0.99,0.0,0.0,0.0010015871477829818,0.0,False,-207234.29776666674,1617.1549833333336,4.1106,0,0,0,0,False,11.0,,,,0.0,0.0,0.0
238,2023-11-08 16:04:31,60.0,239.0,10.0,26.403399999999998,21.4301,28.9352,6.1487,-15.145800000000001,35.37688,0.0007137473054869494,68.587635,45.72509,0.0,0.0,0.0,0.99,0.0,0.0,0.0010015872313224128,0.0,False,-208851.45275000008,1617.1549833333336,0.0,0,0,0,0,False,11.0,,,,0.0,0.0,0.0
239,2023-11-08 16:05:31,60.0,240.0,10.0,26.2225,21.0684,27.578799999999998,6.3296,-13.879800000000001,34.3967,0.0007278779705180018,68.511975,45.67465,0.0,0.0,0.0,0.99,0.0,0.0,0.001001587648993982,0.0,False,-210468.60773333343,1617.1549833333336,0.0,0,0,0,0,False,11.0,,,,0.0,0.0,0.0
240,2023-11-08 16:06:31,60.0,241.0,10.0,26.2225,21.3397,27.217200000000002,6.419999999999999,-13.337299999999999,33.33695,0.0007436733747176865,68.49306,45.66204,0.0,0.0,0.0,0.99,0.0,0.0,0.001001587760341675,0.0,False,-212085.76271666677,1617.1549833333336,0.0,0,0,0,0,False,11.0,,0.0,0.0,0.0,0.0,0.0
